institution_id,institution_name,country_code
I4210107217,University Hospital of Larissa,GR
I4210123993,Van Lang University,VN
I4210114368,Danieli (Italy),IT
I4210095101,Hue University,VN
I2802508454,University of Medicine and Pharmacy at Ho Chi Minh City,VN
I4210115718,Thai Nguyen University,VN
I4387154951,Tay Nguyen University,VN
I67255865,Hoa Sen University,VN
I4210141768,Hue University of Education,VN
I4210137358,Quy Nhon University,VN
I123565023,Vietnam National University Ho Chi Minh City,VN
I4210152550,Abt Global (United States),US
I4210143324,Guangxi Center for Disease Prevention and Control,CN
I1287643137,Mount Sinai Beth Israel,US
I4210095633,General Department of Preventive Medicine,VN
I4210152602,Ministry of Health,VN
I4210163374,Institute for Reproductive and Family Health,VN
I4210095799,Andersen (United States),US
I2800701776,Katherine Hospital,AU
I4210159832,Reynolds American (United States),US
I8775707,Vietnamese-German University,VN
I192455969,York University,CA
I94518387,Hanoi University of Science and Technology,VN
I152815399,Singapore University of Technology and Design,SG
I172675005,Nanyang Technological University,SG
I3020192730,Trường ĐH Nguyễn Tất Thành,VN
I4210147407,EveryCat Health Foundation,US
I2799937713,Louisiana State University at Eunice,US
I4210110470,Richard Wolf (Germany),DE
I1287097855,Atkins (United States),US
I103605065,Berry College,US
I4210142967,J.C. Blair Memorial Hospital,US
I191642347,Stazione Sperimentale del Vetro,IT
I4210124898,John D Bray MD,US
I68278413,Brooks Automation (Germany),DE
I4210118850,Charlton Memorial Hospital,US
I149704539,Deakin University,AU
I4210159988,Hood Technology (United States),US
I4210135298,Jensen Hughes (United States),US
I4210157079,Klein Buendel (United States),US
I164865396,LIM College,US
I4210100553,MARK Resources (United States),US
I4210105596,Morrison Tech,US
I4210113609,Nation University,TH
I4210140284,Mykolaiv Observatory,UA
I4210120772,Edison (Italy),IT
I4210156678,Jeffrey Modell Foundation,AU
I4210148804,Ospedale San Giuseppe,IT
I4210143550,Taylor's University,MY
I181727666,University of Economics Ho Chi Minh City,VN
I55383850,Tashkent State University of Economics,UZ
I4210111957,Bình Dương University,VN
I4391012539,Thu Dau Mot University,VN
I83978394,John Marshall Law School,US
I4210094501,Ferrer Grupo (Spain),ES
I4210090642,Griffin Hospital,US
I123946342,Binghamton University,US
I26725883,Shimizu (Japan),JP
I4210093012,Nippon Zoki (Japan),JP
I4210131859,Michael & Associates,US
I4387155935,HUTECH University,VN
I47265099,Ho Chi Minh City University of Technology,VN
I4210139239,Helmholtz-Zentrum Hereon,DE
I3133086891,Hochschule für Angewandte Wissenschaften Kiel,DE
I32021983,Christian-Albrechts-Universität zu Kiel,DE
I143578492,Asia University,TW
I28777354,Sejong University,KR
I80947539,Fuzhou University,CN
I43369023,"California State University, San Bernardino",US
I6469544,City University of Macau,MO
I187855631,Foreign Trade University,VN
I154757721,University of Piraeus,GR
I197854408,University of Malta,MT
I3129629310,Ho Chi Minh University of Banking,VN
I913481162,Wageningen University & Research,NL
I70349855,Vietnam Academy of Science and Technology,VN
I7726996,Henan University of Economic and Law,CN
I179311214,Gulf University for Science & Technology,KW
I4210116271,Ho Chi Minh City University of Industry and Trade,VN
I49382586,An Giang University,VN
I4210120055,Hong Bang International University,VN
I111428342,Hitotsubashi University,JP
I157358134,RMIT Vietnam,VN
I141445968,Ton Duc Thang University,VN
I4394709108,Zhejiang Yuexiu University,CN
I5343935,Guilin University of Electronic Technology,CN
I87445476,Xi'an Jiaotong University,CN
I82828225,King Mongkut's University of Technology North Bangkok,TH
I226567900,Muhammadiyah University of Yogyakarta,ID
I4210109591,Thuongmai University,VN
I3131622653,Yangon Technological University,MM
I11983389,Manchester Metropolitan University,GB
I71503853,University of Algarve,PT
I4400573217,Aisyah University,ID
I31079310,Al al-Bayt University,JO
I4210090457,Al-Nisour University College,IQ
I3124059619,China University of Geosciences,CN
I189210763,Yunnan University,CN
I4210131885,Yunnan Institute of Environmental Sciences,CN
I4210140379,Institute of Rock and Soil Mechanics,CN
I4210165038,University of Chinese Academy of Sciences,CN
I3123069486,Perm National Research Polytechnic University,RU
I4210100043,Superior University,PK
I84339108,Sunway University,MY
I153455119,University of Zimbabwe,ZW
I202539009,Industrial University of Ho Chi Minh City,VN
I142208455,VSB - Technical University of Ostrava,CZ
I3129492623,University of Da Nang,VN
I4210088961,Biotechnology Research Center,IR
I198105771,Kasetsart University,TH
I4210090073,Novem (Netherlands),NL
I38538140,Asian Institute of Technology,TH
I75881417,WorldFish,MY
I158708052,Chulalongkorn University,TH
I103583917,Karachi Institute of Economics and Technology,PK
I32597200,Ghent University,BE
I4210096063,Ho Chi Minh City Open University,VN
I4210097369,Center for Clinical Care and Research in Nigeria,NG
I56081889,Mendel University in Brno,CZ
I170238339,Duy Tan University,VN
I4880106,Feng Chia University,TW
I157394403,Baylor University,US
I110166357,University of Delhi,IN
I4401726839,Delhi Skill and Entrepreneurship University,IN
I54001450,Düzce Üniversitesi,TR
I120089902,Ho Chi Minh City University of Transport,VN
I169333911,Gdańsk University of Technology,PL
I4388891809,Dong A University,VN
I137407579,Université Oran 1 Ahmed Ben Bella,DZ
I4210164694,Hassiba Benbouali University of Chlef,DZ
I4210114709,Housing and Building National Research Center,EG
I4210131959,National Research Centre,EG
I4575257,Hanyang University,KR
I252758333,Govind Ballabh Pant University of Agriculture and Technology,IN
I4210101969,Dalat University,VN
I14243506,Hong Kong Polytechnic University,HK
I145487455,Cairo University,EG
I159247623,Mansoura University,EG
I848706,Sungkyunkwan University,KR
I109689652,FPT University,VN
I12912129,Northeastern University,US
I4210088746,University of Khanh Hoa,VN
I25757504,China University of Mining and Technology,CN
I4210098369,Institute of Disaster Prevention,CN
I132210918,North China Institute of Science and Technology,CN
I63135867,University of Cincinnati,US
I194450716,Jilin University,CN
I46080048,Jahangirnagar University,BD
I99574509,Bangladesh Atomic Energy Commission,BD
I28022161,King Saud University,SA
I139398662,South Carolina State University,US
I4210131701,Institute for Computational Science and Technology,VN
I4210160086,Dong Thap University,VN
I161913731,Al Ain University,AE
I131948415,National Taichung University of Science and Technology,TW
I2799888298,Skyline University College,AE
I193670377,University of Karachi,PK
I174731842,Islamia University of Bahawalpur,PK
I99542240,Polish Academy of Sciences,PL
I83436808,Hankuk University of Foreign Studies,KR
I2613432,University of South Florida,US
I4210096295,University of Finance - Marketing,VN
I207776796,Overseas Chinese University,TW
I47807185,Saigon University,VN
I185163786,King Abdulaziz University,SA
I55547365,Payame Noor University,IR
I177477856,Politecnico di Torino,IT
I151746483,University of Waterloo,CA
I67009956,Iran University of Science and Technology,IR
I98358874,Delft University of Technology,NL
I86958956,Ferdowsi University of Mashhad,IR
I176601375,Khalifa University of Science and Technology,AE
I12450925,Nha Trang University,VN
I205274468,Trinity College Dublin,IE
I4210142044,VinUniversity,VN
I98381234,University of Oulu,FI
I4210124651,Phenikaa University,VN
I126231945,Queen's University Belfast,GB
I186903577,University of Luxembourg,LU
I4210086947,Institute of Physics,PL
I4210093468,Hanoi University of Natural Resources and Environment,VN
I2801894621,Hai phong University Of Medicine and Pharmacy,VN
I3132161128,Hai Phong University,VN
I4210132950,Stomatology Hospital,CN
I4210138746,Vietnam National Children's Hospital,VN
I4210148201,Ho Chi Minh City University of Technology and Engineering,VN
I177733328,Can Tho University,VN
I4210109089,National Institute Of Hygiene And Epidemiology,VN
I4210146230,National Institute of Nutrition,VN
I4210153650,Viet Duc Hospital,VN
I4210115079,Center for Health Consultation and Community Development,VN
I2799883749,Da Nang Hospital,VN
I132118926,Austrian Institute of Technology,AT
I152743029,Kaohsiung Medical University,TW
I2802587341,Kaohsiung Medical University Chung-Ho Memorial Hospital,TW
I47519274,Taipei Medical University,TW
I142974352,National Sun Yat-sen University,TW
I4210136334,Chi Mei Medical Center,TW
I56019348,Chia Nan University of Pharmacy and Science,TW
I4210133311,Shoolini University,IN
I80281795,University of Otago,NZ
I21250087,Charles University,CZ
I182526193,Thuyloi University,VN
I119511950,Glasgow School of Art,GB
I7882870,University of Glasgow,GB
I206093572,Nexen (Canada),CA
I4210118607,Kaohsiung Armed Forces General Hospital,TW
I68171755,National Defense Medical Center,TW
I2802331550,Taipei Medical University Hospital,TW
I365282,Albany College of Pharmacy and Health Sciences,US
I4210142271,Wan Fang Hospital,TW
I106841677,Mother Teresa Women's University,IN
I157674215,Presidency University,IN
I91279580,Chung Shan Medical University,TW
I4210104362,Chung Shan Medical University Hospital,TW
I98298690,I-Shou University,TW
I4210137722,Indonesia International Institute for Life Sciences,ID
I1293718874,Tri-Service General Hospital,TW
I4210113809,Chia-Yi Christian Hospital,TW
I162709352,Sul Ross State University,US
I94328231,University of Rio Grande and Rio Grande Community College,US
I4210095073,Sustainability Institute,ZA
I4210138427,Computational Physics (United States),US
I4210093057,Faculty (United Kingdom),GB
I4210127672,Engineering (Italy),IT
I1338034494,XLAB (Slovenia),SI
I204778367,Norwegian University of Science and Technology,NO
I18550681,Pham Ngoc Thach University of Medicine,VN
I196345858,Chungnam National University,KR
I4210100829,Le Hong Phong High School for the Gifted,VN
I2802701112,Institut Pasteur in Ho Chi Minh City,VN
I4210101453,Saint Petersburg Pasteur Institute,RU
I23582244,Ho Chi Minh City University of Science,VN
I52179390,University of Waikato,NZ
I173888879,SINTEF,NO
I205640436,Curtin University,AU
I4210095603,Vietnam Posts and Telecommunications Group (Vietnam),VN
I4210150999,Research Institute of Posts and Telecommunications,SK
I4210134642,Lac Hong University,VN
I8961855,Universidad Nacional Autónoma de México,MX
I875944469,Koneru Lakshmaiah Education Foundation,IN
I193352282,Daegu Gyeongbuk Institute of Science and Technology,KR
I86987016,KTH Royal Institute of Technology,SE
I184531372,OsloMet – Oslo Metropolitan University,NO
I4210153474,Simula Metropolitan Center for Digital Engineering,NO
I117222138,Abu Dhabi University,AE
I163161326,Neumann University,US
I4210160947,Abt Associates (Nepal),NP
I16473318,Langston University,US
I4210156945,Q.D. Research,US
I4210090479,Graduate School Experimental Plant Sciences,NL
I4210088287,Klinik Preetz,DE
I127073530,OhioHealth,US
I1288070718,Grant Medical Center,US
I2800593602,Kilgore College,US
I38686511,Chaffey College,US
I4210117845,University Of Information Technology,MM
I4210136912,Wyższa Szkoła Technologii Informatycznych w Warszawie,PL
I4210104442,Ho Chi Minh City University of Education,VN
I108108428,Thammasat University,TH
I4210139842,Tay Bac University,VN
I82475049,Suranaree University of Technology,TH
I173009982,Iwate University,JP
I4210110097,Langdon Hospital,GB
I145311948,Johns Hopkins University,US
I75027704,University of Tennessee at Knoxville,US
I69356397,Xi’an Jiaotong-Liverpool University,CN
I182534213,Universidade do Porto,PT
I135768898,Ritsumeikan University,JP
I4210139642,The State Bank of Vietnam,VN
I16733864,National Taiwan University,TW
I79775147,Nong Lam University Ho Chi Minh City,VN
I4210144900,Phu Yen University,VN
I138925566,Ewha Womans University,KR
I4210110313,DNA Link (South Korea),KR
I127859547,Yogyakarta State University,ID
I2802425954,Center for Scientific Review,US
I4210126127,Institut d'Anàlisi Econòmica,ES
I4210126637,Uji Hospital,JP
I4210129039,Transport Corporation of India (India),IN
I4210157299,IAIN Palangka Raya,ID
I85788879,Peninsula College of Medicine and Dentistry,GB
I4210142079,Eastern International University,VN
I69181431,Universidad de las Américas Puebla,MX
I196137440,International University of Japan,JP
I4387154394,National Kaohsiung University of Science and Technology,TW
I165737746,Tomas Bata University in Zlín,CZ
I205133468,Airlangga University,ID
I4210151045,Ministry of Agriculture and Rural Development,VN
I208356959,Văn Hiến University,VN
I4210096430,Lampang Rajabhat University,TH
I82497590,Auburn University,US
I45756140,Hanoi University of Industry,VN
I4210093659,University of Transport and Communications,VN
I35568498,Kochi University of Technology,JP
I4210134673,The Institute of Statistical Mathematics,JP
I173093425,Chang Gung University,TW
I4429535,State University of Makassar,ID
I4210110116,Institute of Applied Technology,CN
I114395901,University of Nebraska–Lincoln,US
I78577930,Columbia University,US
I196051555,Shahid Chamran University of Ahvaz,IR
I99464096,KU Leuven,BE
I124601658,University of Parma,IT
I4403928193,"Istituto Nazionale di Fisica Nucleare, Gruppo Collegato di Parma",IT
I30771326,Italian Institute of Technology,IT
I4210135780,Center for Nano Science and Technology,IT
I93860229,Politecnico di Milano,IT
I4210093221,United Biscuits (United Kingdom),GB
I310553,Tohoku Gakuin University,JP
I64222039,National University of Mongolia,MN
I136761661,Institut Pasteur Korea,KR
I2610724,Chemnitz University of Technology,DE
I4577782,Technische Universität Berlin,DE
I22265921,National Central University,TW
I99552915,University of Rajasthan,IN
I196699116,Wuhan University of Technology,CN
I3132707006,Vinh Medical University,VN
I3122832768,Kurdistan University of Medical Sciences,IR
I4210088633,Soil Conservation and Watershed Management Research,IR
I4210141426,Agricultural Research & Education Organization,IR
I112536369,Yazd University,IR
I169045520,Universidade Federal da Paraíba,BR
I170013655,Isfahan University of Technology,IR
I110116418,Maharaja Sayajirao University of Baroda,IN
I2800875726,Fritz Haber Institute of the Max Planck Society,DE
I4210086020,Vinh Long University of Technology Education,VN
I166337079,Queen Mary University of London,GB
I4210097717,Don State Technical University,RU
I4210144126,Tien Giang General Hospital,VN
I4210110070,Diplomatic Academy of Vietnam,VN
I1285420085,Hung Yen University of Technology and Education,VN
I4210087755,University of Theatre and Cinema Ho Chi Minh City,VN
I913630986,Tra Vinh University,VN
I85461943,Saveetha University,IN
I111277659,Chonnam National University,KR
I4210138988,King Khalid University Hospital,SA
I76903346,University of Coimbra,PT
I149851306,National Academy of Sciences of Ukraine,UA
I302256491,Lesya Ukrainka Volyn National University,UA
I4210098675,Frantsevich Institute for Problems in Materials Science,UA
I120938084,Belgorod National Research University,RU
I125989756,Skolkovo Institute of Science and Technology,RU
I40542001,University of Ulsan,KR
I134085113,King Fahd University of Petroleum and Minerals,SA
I88761825,Korea University of Science and Technology,KR
I89004649,Korea Institute of Industrial Technology,KR
I91045830,Texas A&M University,US
I75256744,Tennessee State University,US
I107851509,Chinese Academy of Tropical Agricultural Sciences,CN
I1306264927,Institut de Recherche pour le Développement,BJ
I131077856,Centre de Coopération Internationale en Recherche Agronomique pour le Développement,FR
I4210088668,"Institut National de Recherche pour l'Agriculture, l'Alimentation et l'Environnement",FR
I4210109893,Rubber Research Institute,CN
I4210136436,Institut Agro Montpelier,FR
I4210146893,International Center for Tropical Agriculture,VN
I4210166444,Institut de Recherche pour le Développement,FR
I11701301,Griffith University,AU
I4387154701,Thai Nguyen University Of Education,VN
I4210097553,Universitas 17 Agustus 1945 Jakarta,ID
I4210122635,Universitas 17 Agustus 1945 Surabaya,ID
I4210130863,Universitas 17 Agustus 1945 Cirebon,ID
I4210137223,Universitas 17 Agustus 1945 Semarang,ID
I19880235,Lomonosov Moscow State University,RU
I1313323035,Russian Academy of Sciences,RU
I81365569,Russian Academy of Natural Sciences,RU
I114030911,Otsuka (Japan),JP
I93251985,Irkutsk State University,RU
I4210149923,Severtsov Institute of Ecology and Evolution,RU
I140172145,University of Connecticut,US
I15780179,Sullivan University,US
I2800139702,Australian College of Nursing,AU
I29236304,Advisory Board Company (United States),US
I4210091794,Office of the Director,US
I4210096674,State Innovation Exchange,US
I4210115349,Ion Exchange (India),IN
I4210117499,Yale New Haven Health System,US
I4210131376,Cardiovascular Research Center,BR
I4210146710,Mayo Clinic in Florida,US
I4210146725,Richardson Electronics (United Kingdom),GB
I4210150166,Center for the Study of Healthcare Provider Behavior,US
I4210154614,SleepMed,US
I4210159109,Garrett Technologies (United States),US
I4210164083,Hauser (United States),US
I4210120266,"Czech Academy of Sciences, Institute of Mathematics",CZ
I3129215250,Ho Chi Minh City University of Foreign Languages and Information Technology,VN
I73685970,Vietnam Maritime University,VN
I51780484,Mersin Üniversitesi,TR
I114017466,University of Technology Sydney,AU
I1332353952,NSW Department of Planning and Environment,AU
I118347636,Australian National University,AU
I1292875679,Commonwealth Scientific and Industrial Research Organisation,AU
I4210161554,CSIRO Land and Water,AU
I177877127,The University of Western Australia,AU
I4210126982,Viet Nam University Of Traditional Medicine,VN
I4400008996,Quang Nam University,VN
I131359167,Le Quy Don Technical University,VN
I142904861,Hanoi Architectural University,VN
I113306721,Hiroshima University,JP
I257903683,Hanoi University of Civil Engineering,VN
I4210103434,Building Bridges,US
I4210119410,Institute of Fundamental Technological Research,PL
I196829312,La Trobe University,AU
I42894916,Data61,AU
I205612303,Chinese Culture University,TW
I79246082,Thaksin University,TH
I170606269,University of the Fraser Valley,CA
I129902397,Dalhousie University,CA
I29199639,Hanoi University of Mining and Geology,VN
I2802852271,Vietnam Academy of Social Sciences,VN
I51158804,Massey University,NZ
I135822937,Hanoi National University of Education,VN
I4210134406,Hội Tim mạch học Việt Nam,VN
I4210153702,Hội Gastroenterology Việt Nam,VN
I67868205,VNU University of Science,VN
I130442723,Universidade Federal do Rio Grande do Sul,BR
I47403697,"Instituto Federal de Educação, Ciência e Tecnologia de Santa Catarina",BR
I118373667,Seoul National University of Science and Technology,KR
I1291453478,Esan University,PE
I4210102522,Vietnam National University of Agriculture,VN
I1305429183,Schneider Electric (France),FR
I4210100991,University Medical Center HCMC,VN
I31512782,Technische Universität Darmstadt,DE
I9842412,Nanjing University of Aeronautics and Astronautics,CN
I4210125847,Baria Vungtau University,VN
I4210134588,Academy Of Finance,VN
I118564535,University of Bern,CH
I4210148311,Hôpitaux de Saint Maurice,FR
I87101506,Swiss National Science Foundation,CH
I4210134585,Silvio d'Amico National Academy of Dramatic Arts,IT
I4210120526,Fraunhofer Institute for Electronic Nano Systems,DE
I4210159515,Hồng Đức University,VN
I194118695,Songkhla Rajabhat University,TH
I4210150485,Loei Rajabhat University,TH
I277688954,Université Paris-Saclay,FR
I4390039377,Laboratoire d'Ingénierie des Systèmes de Versailles,FR
I4210098226,Institute of Materials Science,VN
I228151691,Ho Chi Minh City International University,VN
I138801177,University of Ulster,GB
I10660446,Kunming University of Science and Technology,CN
I28407311,University of Manchester,GB
I3133213403,Cebu Technological University,PH
I11880225,National Institute of Technology Karnataka,IN
I4576418,University of Technology Malaysia,MY
I119025939,Shahed University,IR
I3131779051,Iraqi University,IQ
I16471300,Manipur University,IN
I883909435,International University,KH
I4210154340,Jizzakh State Pedagogical University,UZ
I254887060,Universitas Sumatera Utara,ID
I64519617,Hanoi University,VN
I100086675,Al-Hussein Bin Talal University,JO
I66867065,East China Normal University,CN
I138622004,National Economics University,VN
I4210161636,Human Growth Foundation,US
I127366699,Tula State University,RU
I1315456113,Vinh University,VN
I177233841,"Vietnam National University, Hanoi",VN
I4400600977,Posts and Telecommunications Institute of Technology,VN
I4210092381,Vietnam Institute for Advanced Study in Mathematics,VN
I151727225,Harbin Engineering University,CN
I188760350,Ollscoil na Gaillimhe – University of Galway,IE
I12833781,Lampung University,ID
I142608572,Prince Sattam Bin Abdulaziz University,SA
I21203515,Kazan Federal University,RU
I51569856,Sultan Zainal Abidin University,MY
I4210101211,University of Gonabad,IR
I4387155212,Can Tho University of Medicine and Pharmacy,VN
I307617284,Ağrı İbrahim Çeçen University,TR
I2802531901,Millennium Science Initiative,CL
I4210095567,Centro Científico Tecnológico de Valparaíso,CL
I75778554,Federico Santa María Technical University,CL
I19820366,Chinese Academy of Sciences,CN
I4210092095,Guangxi Institute of Botany,CN
I174101054,Changwon National University,KR
I4210096127,Tashkent Pharmaceutical Institute,UZ
I107640659,South Ural State University,RU
I4210117309,Ho Chi Minh City University of Social Sciences and Humanities,VN
I4210097659,Thang Long University,VN
I4210101159,National Police Academy,JP
I106245021,Çankaya University,TR
I4210142834,Institute of Space Science - INFLPR Subsidiary,RO
I181414168,Texas A&M University – Kingsville,US
I4210159566,National Pedagogical University of Uzbekistan,UZ
I243754102,Universidade Federal do Ceará,BR
I112450260,Zabol University,IR
I4210121509,Institute of Mechanical Engineering and Industrial Mangement,PT
I64663401,Centro de Investigación Científica y de Educación Superior de Ensenada,MX
I60134161,Nagoya University,JP
I4210129552,Department of Education and Training,AU
I4210148225,China State Construction Engineering (China),CN
I91633459,Middle East University,JO
I4210166894,Dong Thap Hospital,VN
I25399270,Southwest Forestry University,CN
I4210108426,Children's Hospital 2,VN
I4210158110,Children's Hospital 1,VN
I188891513,Sanford Burnham Prebys Medical Discovery Institute,US
I2799424032,Discovery Institute,US
I27429435,Kyoto Institute of Technology,JP
I4210165842,RIKEN Center for Advanced Photonics,JP
I204442077,Trinity College,CA
I183111857,Malmö University,SE
I187531555,Lund University,SE
I4210156041,Global Brain Health Institute,US
I4387153637,Ho Chi Minh City University of Economics and Finance,VN
I168635309,University of Calgary,CA
I2801954088,Islamic Azad University of Kermanshah,IR
I4210152146,Islamic Azad University Kerman,IR
I4210153608,Université Moulay Ismail de Meknes,MA
I6406202,University of Benin,NG
I4210147944,ABS Consulting (United States),US
I4210162568,Aromatic Plant Research Center,US
I82495205,University of Alabama in Huntsville,US
I136199984,Harvard University,US
I36721946,Kuwait University,KW
I124357947,University of London,GB
I45084792,University of Florence,IT
I4210123755,Vietnam National University of Forestry,VN
I4210137425,Hanoi University of Pharmacy,VN
I4210108666,Forest Industry Research Institute,VN
I4400008994,Vietnamese Academy of Forest Sciences,VN
I165143802,The University of Queensland,AU
I4210138055,Agriculture and Food,AU
I4210116576,Universitas Muslim Indonesia,ID
I4210091958,Hanoi Open University,VN
I204947315,Far Eastern Federal University,RU
I212220629,Peter the Great St. Petersburg Polytechnic University,RU
I68947357,Université de Strasbourg,FR
I2800403580,University of Minnesota System,US
I4210122018,University of Maryland Extension,US
I2802066829,Savannah Technical College,US
I43439940,University of Southampton,GB
I2800055476,Mechanics' Institute,US
I4403928371,Bureau of Economic Geology,US
I86519309,The University of Texas at Austin,US
I4210112140,Universidade Estadual do Rio Grande do Sul,BR
I19409027,Estonian University of Life Sciences,EE
I71637028,University of Brighton,GB
I1294671590,Centre National de la Recherche Scientifique,FR
I15057530,Université de Bordeaux,FR
I4210099840,Environnements et Paléoenvironnements Océaniques et Continentaux,FR
I4210142311,Excelia Business School,FR
I4210122689,Pham Van Dong University,VN
I12079687,Edith Cowan University,AU
I267427436,Saigon Technology University,VN
I2801971706,Vietnam Sweden hospital,VN
I4210154685,Hung Vuong University of Ho Chi Minh City,VN
I4210135784,"Institute of Atomic and Molecular Sciences, Academia Sinica",TW
I4210111779,"Institute of Physics, Academia Sinica",TW
I142637625,Okinawa Institute of Science and Technology Graduate University,JP
I1289243028,Oak Ridge National Laboratory,US
I63098007,Liverpool John Moores University,GB
I185523456,University of Southern Queensland,AU
I90745801,University of New England,AU
I4210100945,Universidad de Playa Ancha de Ciencias de la Educación,CL
I4210157242,Rumah Sakit Umum Pusat Dr. Sardjito,ID
I150468666,Emory University,US
I4210158018,BioHybrid Solutions (United States),US
I144696833,Corporate Executive Board (United States),US
I4210163004,Pham Ngoc Thach Hospital,VN
I3129984471,University of Puthisastra,KH
I1307112335,Global Affairs Canada,CA
I153718931,University of Ottawa,CA
I27837315,University of Michigan,US
I4210165760,College of Accounting,SI
I170726198,University of Novi Sad,RS
I4210162839,Universitas Tulungagung,ID
I189575948,South Valley University,EG
I37802460,Northwest University,CN
I4210146471,Deutsch Amerikanisches Institut Saarland,DE
I4210125083,Laboratory of Nanotechnology Instrumentation and Optics,FR
I4210120128,St David's Medical Center,US
I4210120565,Fraunhofer UK Research,GB
I4210102412,Yan'an University,CN
I169173203,Délégation Paris 7,FR
I204730241,Université Paris Cité,FR
I4210087727,Pôle de Recherche pour l'Organisation et la Diffusion de l'Information Géographique,FR
I4210091437,Sorbonne Paris Cité,FR
I4210101766,Éditions Gallimard (France),FR
I4210102955,Centre Hospitalier Universitaire Brugmann,BE
I138689650,University of Padua,IT
I4210152155,Yunnan Investment Group (China),CN
I4210158737,Marietta Memorial Hospital,US
I4210086057,Moscow State University of Civil Engineering,RU
I12832649,Gachon University,KR
I192915278,International Business School,HU
I13144388,Ekiti State University,NG
I1283280774,Brigham and Women's Hospital,US
I19700959,Florida International University,US
I75717288,Rogers (United States),US
I4210119317,CK-CARE,CH
I4210134331,Ho Chi Minh National Academy of Politics,VN
I4210106257,Voronezh State Technical University,RU
I4210157430,V. A. Trapeznikov Institute of Control Sciences,RU
I172951950,McNeese State University,US
I4210157207,Ho Chi Minh City University of Fine Arts,VN
I4210133559,Zuyderland Medisch Centrum,NL
I2800191616,Maastricht University Medical Centre,NL
I141059654,Emirates College for Advanced Education,AE
I4388891800,Liwa University,AE
I87482320,University of Management and Technology,PK
I4210150297,Institute of Business Management,PK
I120378409,South Ural State Humanitarian Pedagogical University,RU
I186771145,Covenant University,NG
I11892038,University of Nigeria,NG
I89015989,Dankook University,KR
I2800525753,Beijing Botanical Garden,CN
I4210120696,South China Botanical Garden,CN
I921990950,University of Colorado Denver,US
I4210166539,Korean Society of Ginseng,KR
I4210119680,Instituto de Cibernética Matemática y Física,CU
I4210123161,"Ministerio de Ciencia, Tecnología y Medio Ambiente",CU
I2656126,University of Havana,CU
I3130395211,Instituto Tecnológico Superior de Xalapa,MX
I57093077,Swinburne University of Technology,AU
I184693016,China Medical University,TW
I4210126829,China Medical University Hospital,TW
I61893789,TU Bergakademie Freiberg,DE
I4210156679,Vietnam Academy of Agricultural Sciences,VN
I2800139495,Science for Life Laboratory,SE
I4210116270,Ministry of Science and Technology,VN
I3132362326,Ho Chi Minh City University of Architecture,VN
I123754550,Moog (United States),US
I132091411,A. Alikhanyan National Laboratory,AM
I4210086928,Institute of Numerical Mathematics,RU
I141584323,University of Hertfordshire,GB
I29894533,Charles Darwin University,AU
I154893126,Guizhou Normal University,CN
I165932596,National University of Singapore,SG
I4210134375,Research Institute for Aquaculture No1,VN
I107139324,Kagoshima University,JP
I4210111884,Universitas PGRI Semarang,ID
I4210138249,Universitas Bojonegoro,ID
I176714629,Bell (Canada),CA
I4210152127,Conway School of Landscape Design,US
I4210096386,Bridge University,SS
I223822909,Heidelberg University,DE
I8087733,University of Tübingen,DE
I155781252,University of South Carolina,US
I4210139315,IC Independent Consulting (Australia),AU
I137902535,North Carolina State University,US
I4210095895,Adam Taliaferro Foundation,US
I4210148301,Institute of Mathematics,VN
I4210125363,Natural History Museum of Utah,US
I192389796,Cal Poly Humboldt,US
I98947143,California State Polytechnic University,US
I4210144979,Paget Foundation,US
I219193219,Purdue University West Lafayette,US
I2802613557,Royal Ontario Museum,CA
I162838928,National Chung Hsing University,TW
I4210093852,"Institute of Plant and Microbial Biology, Academia Sinica",TW
I24185976,Sichuan University,CN
I4210119991,Laboratoire Informatique d'Avignon,FR
I25846049,National Tsing Hua University,TW
I126460647,Universidade Federal do Rio Grande,BR
I4210108007,Svay Rieng University,KH
I1340206300,Defence Research and Development Organisation,IN
I25390106,University of Hawaii–West Oahu,US
I2801607516,Associated Press,US
I4210087759,Universidad de las Américas,NI
I4210146410,Science Oxford,GB
I163361683,Cognizant (United States),US
I4210088637,Soka University,JP
I98285908,The University of Osaka,JP
I4210104926,Cicatelli Associates,US
I4210105595,Institute of Art,PL
I4210138169,Osaka Research Institute of Industrial Science and Technology,JP
I171589843,Blue Yonder (United States),US
I4210164862,Artificial Intelligence in Medicine (Canada),CA
I16718484,Hess (United States),US
I4210145656,Institute of Art History,HU
I4210151606,Águas de Portugal (Portugal),PT
I4210163712,Adámas Nano (United States),US
I4210165018,Direção Geral do Património Cultural,PT
I4210166095,Centro Hospitalar do Baixo Vouga,PT
I900231141,CAE (Canada),CA
I4210117836,Space Micro (United States),US
I130579109,IHI Corporation (United States),US
I4401200389,Dalian Naval Academy,CN
I4210125796,University Children's Hospital Tübingen,DE
I2802768257,Robert Bosch Hospital,DE
I4210120009,Dr. Margarete Fischer-Bosch-Institute of Clinical Pharmacology,DE
I17937529,German Cancer Research Center,DE
I4210113917,Olgahospital,DE
I55769427,Indiana University – Purdue University Indianapolis,US
I1283055418,Indiana University Health,US
I4210157659,Macopharma (Germany),DE
I4210155144,University Hospital Ulm,DE
I170897317,Duke University,US
I4210088741,Clinical Research Institute,US
I1282516798,Atrium Health Wake Forest Baptist,US
I87216513,Michigan State University,US
I4210113015,Peterson (Norway),NO
I158438070,Universidad de La Laguna,ES
I4210141097,Tân Tạo University,VN
I4210087915,Massachusetts General Hospital,US
I4210160873,Bishkek Academy of Finance and Economics,KG
I862669128,Xiaomi (China),CN
I71187865,Henkel (Germany),DE
I4210106751,Juzo (Germany),DE
I4210110925,Jiaozuo University,CN
I291402441,Anderson University - Indiana,US
I63966007,Massachusetts Institute of Technology,US
I135598925,Kyushu University,JP
I4210152274,Miyoshi Kasei (Japan),JP
I143302722,University of Kentucky,US
I4210161116,Nomura Holdings (Japan),JP
I4210143899,Center for Vascular Biology Research,US
I110200422,Universidade Federal de Minas Gerais,BR
I4210119527,Qi2,US
I4210153282,Bharti Hospital,IN
I163150328,Pondicherry Institute of Medical Sciences,IN
I1332387789,Siriraj Hospital,TH
I25399158,Mahidol University,TH
I2251586001,Singapore General Hospital,SG
I44461941,University of Houston,US
I11935315,École Nationale Supérieure de Chimie de Montpellier,FR
I19894307,Université de Montpellier,FR
I4210159287,Institut Européen des Membranes,FR
I2802443542,GF Strong Rehabilitation Centre,CA
I4210131056,Banking University,UA
I159885104,École Pratique des Hautes Études,FR
I4210117271,Laboratoire Cognitions Humaine et Artificielle,FR
I4210112569,Nanhua University,TW
I182627622,Université Sorbonne Nouvelle,FR
I43895496,National University of Laos,LA
I2801662971,Ankara Sosyal Bilimler Üniversitesi,TR
I90090648,Shijiazhuang Tiedao University,CN
I111268130,CSL (United Kingdom),GB
I2802195347,Langley Porter Psychiatric Hospital and Clinics,US
I4210124344,GA Drilling (Slovakia),SK
I4210149240,Barber-Nichols (United States),US
I26120043,Ochanomizu University,JP
I91807558,National Cheng Kung University,TW
I3132158071,University of Science and Technology of Benin,BJ
I114531698,Tokyo Institute of Technology,JP
I4210138918,University Of Transport Technology,VN
I1332092204,National Science and Technology Development Agency,TH
I902798049,National Center for Genetic Engineering and Biotechnology,TH
I4210105946,Suan Sunandha Rajabhat University,TH
I168719708,City University of Hong Kong,HK
I4210127180,Horizons Clinical Research Center,US
I4210102461,Ural State University of Economics,RU
I4210135839,Cat Tien National Park,VN
I1286329397,United States Geological Survey,US
I4210103174,EA Technology,GB
I898388014,Woodside (Australia),AU
I20942203,Hainan University,CN
I4210119841,VNU Central Institute for Natural Resources and Environmental Studies,VN
I197081775,Annamalai University,IN
I48076826,Chiang Mai University,TH
I260719752,Scotland's Rural College,GB
I13590829,Dhurakij Pundit University,TH
I4389425394,Institute for Tropical Technology,VN
I4210141966,China Academy of Railway Sciences,CN
I1304085615,Nvidia (United Kingdom),GB
I4210148897,Saigon International University,VN
I3132567084,University of Southern Philippines Foundation,PH
I4210125903,University Research Co (United States),US
I4210095523,Hanoi Pedagogical University 2,VN
I118692353,University of Science and Technology,YE
I21376657,Tanta University,EG
I39534123,Gwangju Institute of Science and Technology,KR
I93906172,Anyang University,KR
I130309236,Kafrelsheikh University,EG
I4387155442,University of Economics and Law,VN
I144889574,Université de Pau et des Pays de l'Adour,FR
I79238269,Universidad de Sevilla,ES
I153512688,National Taiwan Ocean University,TW
I139264467,Seoul National University,KR
I4210097536,University of Guelma,DZ
I4210091658,Institute of Experimental Physics of the Slovak Academy of Sciences,SK
I4210098535,Center for Clinical Studies,US
I4210104666,Heartlands Hospital,GB
I4210114363,Technical Data Analysis (United States),US
I4210120668,Creative Commons,US
I4210157340,Emerging Concepts (United States),US
I4210157790,Statistical Research (United States),US
I111966504,University of Fukui,JP
I125590103,Fukui University of Technology,JP
I136750679,Garvan Institute of Medical Research,AU
I31746571,UNSW Sydney,AU
I204824540,University of Wollongong,AU
I4210104335,Institute for Basic Science,KR
I74801974,The University of Tokyo,JP
I4210145414,Hung Vuong Hospital,VN
I169556180,GSI Helmholtz Centre for Heavy Ion Research,DE
I4210162022,RIKEN Nishina Center,JP
I197347611,Korea University,KR
I201537933,Tohoku University,JP
I4210092312,Horia Hulubei National Institute for R and D in Physics and Nuclear Engineering,RO
I4210142646,Extreme Light Infrastructure - Nuclear Physics,RO
I98677209,University of Edinburgh,GB
I172553438,Jeonju National University of Education,KR
I80611190,Jeonbuk National University,KR
I48566637,Ulsan National Institute of Science and Technology,KR
I180670191,"University of California, San Francisco",US
I1289196864,Croatian Meteorological and Hydrological Service,HR
I170979836,Jadavpur University,IN
I136848882,Optech (Canada),CA
I47164929,Najran University,SA
I4210162957,National Center for Technological Progress,VN
I4210136194,University of Labor and Social Affairs,VN
I20089843,Princeton University,US
I4210122257,Vietnam Military Medical University,VN
I172901346,St Petersburg University,RU
I4210108168,Universidad a Distancia de Madrid,ES
I4210122217,Irkutsk National Research Technical University,RU
I4210148533,Institute for System Dynamics and Control Theory,RU
I3121602497,Lorestan University of Medical Sciences,IR
I4210146027,Leibniz Institute for Agricultural Engineering and Bioeconomy,DE
I4210088379,Anova Corp (Vietnam),VN
I2722730,Inner Mongolia University,CN
I4210090124,Tecnológico Nacional de México,MX
I4210150146,Moscow State University,TJ
I160993911,Queensland University of Technology,AU
I55060895,University of Greenwich,GB
I149581226,Hawaii Pacific University,US
I117965899,University of Hawaiʻi at Mānoa,US
I158552681,University of Life Sciences in Lublin,PL
I4210145660,Bio-Medical Science (South Korea),KR
I4210112186,Hungarian University of Sports Science,HU
I4210106910,SEAMEO Regional Center for Food and Nutrition,ID
I13850615,Kunming Institute of Botany,CN
I4210156213,American Rock Mechanics Association,US
I193365169,National Chi Nan University,TW
I165507594,Kangwon National University,KR
I189643551,Hanoi Medical University,VN
I4210159142,108 Military Central Hospital,VN
I4210145338,Yunnan Institute of Tropical Crops,CN
I2801941164,Cho Ray Hospital,VN
I47818738,Sultan Qaboos University,OM
I4210158617,Ho Chi Minh City University of Culture,VN
I2801049591,"Instituto Federal de Educação, Ciência e Tecnologia do Rio Grande do Sul",BR
I4210122802,Winchester Science Centre,GB
I4210089944,Qiongtai Teachers College,CN
I98251732,McMaster University,CA
I67031392,Carleton University,CA
I4210128965,University Yahia Fares of Medea,DZ
I179331831,Taif University,SA
I188815454,Oita University,JP
I4210126772,Indonesian Agency for Agricultural Research and Development,ID
I4387154144,National Research and Innovation Agency,ID
I111199411,University of Peradeniya,LK
I317356780,Osaka City University,JP
I119744171,Higher Colleges of Technology,AE
I80188885,Nippon Medical School,JP
I181547552,Baylor College of Medicine,US
I3132999081,Marwadi University,IN
I121799043,Electric Power University,VN
I4210148490,The Vietnam National Institute of Educational Sciences,VN
I4210099641,Higher Institute of Food Industries of Tunis,TN
I4210118835,National Center for Cancer Care and Research,QA
I4210148235,"Department of Environment, Land, Water and Planning",AU
I2608206482,Universitas Ahmad Dahlan,ID
I198596950,Millennium Institute,BR
I55133342,University of Macerata,IT
I4210101388,Health Sciences and Nutrition,AU
I4210088963,University of Ha'il,SA
I142263535,University of Nottingham,GB
I27765905,North-West University,ZA
I33278361,University of Zambia,ZM
I4210092733,National Centre for Genetic Resources and Biotechnology,NG
I28290843,University of Surrey,GB
I4210086194,Institut des Sciences Moléculaires,FR
I72677000,International School of Management,FR
I205783295,Cornell University,US
I4210166400,Bayer (France),FR
I4210145880,Sultan Qaboos University Hospital,OM
I4210115343,HCMC Hospital of Dermato Venereology,VN
I179093154,University of New Hampshire at Manchester,US
I25041050,Augusta University,US
I154348853,Universidad Autónoma de Santo Domingo,DO
I199856841,Universidad de Oriente,CU
I4210166374,Trung Vuong University,VN
I56590836,Monash University,AU
I3130697706,University of Science and Technology - The University of Da Nang,VN
I4210128583,Agence Parisienne du Climat,FR
I45129253,University College London,GB
I62916508,Technical University of Munich,DE
I161929037,Université de Bretagne Occidentale,FR
I2802204017,Université de Bretagne Sud,FR
I4210126368,Institut de Recherche Dupuy de Lôme,FR
I861853513,Sapienza University of Rome,IT
I4210127772,International University of Batam,ID
I10232997,L. N. Gumilyov Eurasian National University,KZ
I4210158385,Taipei Medical University-Shuang Ho Hospital,TW
I205158640,University of Skövde,SE
I114150738,Fu Jen Catholic University,TW
I4210165704,Memorial Hospital,US
I82571370,GLA University,IN
I83205935,Malaviya National Institute of Technology Jaipur,IN
I886702836,Deen Dayal Upadhyaya Gorakhpur University,IN
I4210130708,S&C Electric Company (United States),US
I3130313246,Ho Chi Minh City University of Law,VN
I142631665,École nationale des ponts et chaussées,FR
I197681013,Université Paris-Est Créteil,FR
I4210126119,"Laboratoire Eau, Environnement et Systèmes Urbains",FR
I92008406,University of Stavanger,NO
I4210131147,SRM University,IN
I4210162935,Federal Agency for Scientific Organizations,RU
I242057862,Central Mindanao University,PH
I161371597,Universiti of Malaysia Sabah,MY
I4210129855,Sabah Forestry Department,MY
I2801454379,Xishuangbanna Tropical Botanical Garden,CN
I189462010,Universiti Brunei Darussalam,BN
I4210154967,National Museum of Nature and Science,JP
I894293524,University of Chittagong,BD
I4210113837,Taiwan Forestry Research Institute,TW
I170396143,National Botanical Research Institute,IN
I2802505396,Teaching Hospital Kandy,LK
I4210167104,Institute of Botany,AM
I187293425,University of Ostrava,CZ
I4210102087,Centre for Healthy Start Initiative,NG
I4210166347,S.P.E.C.I.E.S.,US
I161296585,Tokyo University of Science,JP
I4210157535,Eastman Dental Hospital,GB
I4210130964,Research Institute on Contemporary Southeast Asia,TH
I189909677,Pakistan Institute of Development Economics,PK
I119896790,Sebelas Maret University,ID
I130343225,Universiti Putra Malaysia,MY
I4210102512,Cotton University,IN
I4210091240,Maldives National University,MV
I271457894,Universidad San Ignacio de Loyola,PE
I16969244,University of Eswatini,SZ
I192619145,University of the Witwatersrand,ZA
I72227227,Makerere University,UG
I215330179,Lupane State University,ZW
I4210087849,University of Rwanda,RW
I69552723,University of Pretoria,ZA
I4210125530,Université Evangélique en Afrique,CD
I157273133,University of Botswana,BW
I4210101907,Lilongwe University of Agriculture and Natural Resources,MW
I155028946,Tribhuvan University,NP
I4210116687,MRC Unit the Gambia,GM
I2801261953,Fisheries Agency,TW
I4287427,University of Lomé,TG
I161372803,Strathmore University,KE
I185492890,University of Canterbury,NZ
I12859529,University of Nairobi,KE
I4210119417,Université d'Abomey-Calavi,BJ
I144917393,Mongolian University of Science and Technology,MN
I62885914,Universidade Federal do Amazonas,BR
I80849659,Instituto Nacional de Pesquisas Espaciais,BR
I184647316,South Dakota School of Mines and Technology,US
I1925986,Loyola University Chicago,US
I88273585,Universidade Federal de São Paulo,BR
I4210136482,Federal Center for Technological Education of Minas Gerais,BR
I4400009067,Lomonosov Moscow State University Marine Research Center LLC,RU
I4210123799,Hue University of Agriculture and Forestry,VN
I4210095297,MIT University,MK
I4210126287,Thai Nguyen University of Agriculture and Forestry,VN
I4387156139,Hung Vuong University,VN
I180634299,University of Sistan and Baluchestan,IR
I76835614,University of Missouri,US
I72539421,University of Tikrit,IQ
I4210090603,Rice Research Institute,CN
I169521973,University of New Mexico,US
I204250578,"University of California, Irvine",US
I1302275403,Administration for Children and Families,US
I2801328717,Families USA,US
I4210100294,Center for Children,US
I2800649613,University of Missouri Health System,US
I145608581,University of Miami,US
I4210157065,Sylvester Comprehensive Cancer Center,US
I4210125938,Jagannath University,BD
I96673099,Technical University of Denmark,DK
I17442442,State Grid Corporation of China (China),CN
I2801227569,Ghent University Hospital,BE
I686019,AGH University of Krakow,PL
I205746353,University of Dhaka,BD
I119004910,Silesian University of Technology,PL
I1341015664,Ministry of Education and Training,VN
I4210157823,Government of Mizoram,IN
I91277730,Maulana Azad National Institute of Technology,IN
I132359460,University of Burdwan,IN
I10052268,New Mexico State University,US
I71920554,King Abdullah University of Science and Technology,SA
I134635517,Bandung Institute of Technology,ID
I4210094876,Ministry of Education,SA
I4210156889,CRC CARE,AU
I78757542,University of Newcastle Australia,AU
I99043593,Macquarie University,AU
I40413290,University of Gdańsk,PL
I285663978,Weatherford College,US
I4210120471,Instituto de Telecomunicações,PT
I4210126395,Inform (Germany),DE
I60858718,University of Aveiro,PT
I4210149358,Nokia (France),FR
I55240360,Yeungnam University,KR
I154864474,National Taiwan University of Science and Technology,TW
I4528857,University of Kuala Lumpur,MY
I82952536,King Khalid University,SA
I882248123,Delta University for Science and Technology,EG
I108714496,Tunis University,TN
I4210131288,National Engineering School of Tunis,TN
I63596082,Tunis El Manar University,TN
I33849332,University of Malaya,MY
I131868736,Prince of Songkla University,TH
I71437568,Universidade de Pernambuco,BR
I4210101284,ClearMotion (United States),US
I151811957,Gyeongnam National University of Science and Technology,KR
I148366613,National Yang Ming Chiao Tung University,TW
I175532246,University of Eastern Finland,FI
I3131870445,Woxsen School of Business,IN
I4210107997,Finland University,FI
I5085271,Hanken School of Economics,FI
I55285296,UCSI University,MY
I43406934,Université Laval,CA
I139322472,Universiti Sains Malaysia,MY
I184679254,Saint Joseph University,LB
I4210116098,Rwanda Development Board,RW
I199440890,American University of Sharjah,AE
I60342839,Qatar University,QA
I95457486,"University of California, Berkeley",US
I130828816,University of Leeds,GB
I120250893,New York University Abu Dhabi,AE
I4210136542,Mubadala (United Arab Emirates),AE
I154136665,Scion,NZ
I4210144295,Blue Resources Trust,LK
I98635879,American University of Beirut,LB
I146655781,University of Liverpool,GB
I40120149,University of Oxford,GB
I4210097719,National Council for Scientific Research,LB
I47726972,Universidad Autónoma de Occidente,CO
I2799747612,Xunta de Galicia,ES
I15766328,Universitat de Lleida,ES
I4210117018,Forest Science and Technology Centre of Catalonia,ES
I144693123,University of Buea,CM
I223532165,University of Utah,US
I185261750,University of Toronto,CA
I22299242,Kyoto University,JP
I4210144364,Centre for Advanced Process Technology for Urban Resource Recovery,BE
I196355604,National Research Tomsk State University,RU
I30849647,Tomsk Polytechnic University,RU
I146367977,Applied Science Private University,JO
I187846814,EDF Energy (United Kingdom),GB
I126633494,University of Basrah,IQ
I4210116268,Qingdao Institute of Marine Geology,CN
I108688024,Qingdao University,CN
I143413998,Qingdao University of Science and Technology,CN
I4210119987,Qingdao Municipal Hospital,CN
I4210154004,Shandong Provincial Water Resources Research Institute,CN
I31439502,University of Benghazi,LY
I24676775,Indian Institute of Technology Madras,IN
I4210102636,Zuoying Armed Forces General Hospital,TW
I4210107015,Institute of Minerals and Materials Technology,IN
I876193797,Vellore Institute of Technology University,IN
I4210149435,DELL (United States),US
I87111246,Catholic University of Korea,KR
I4210143793,Thai Binh University of Medicine and Pharmacy,VN
I4210136724,Institute of Computational Modeling,RU
I124386471,Khulna University,BD
I161593684,Stockholm University,SE
I2799628689,University of Louisiana System,US
I4210161490,Viet Tri University of Industry,VN
I77920804,Albany Medical Center Hospital,US
I126406834,Jan Długosz University,PL
I130294970,Częstochowa University of Technology,PL
I4210090971,Southeast University,BD
I4210161757,Chancellor University,US
I4210091198,E-Da Hospital,TW
I2801039369,Marconi University,IT
I887998513,Bharati Vidyapeeth Deemed University,IN
I204512498,University of Macau,MO
I157725225,University of Illinois Urbana-Champaign,US
I107470533,Tamkang University,TW
I173664879,Universidad Autónoma de Baja California,MX
I2800279901,Earthquake Engineering Research Institute,US
I154526488,Inserm,FR
I4210092774,Hôpital Cochin,FR
I4210097159,Assistance Publique – Hôpitaux de Paris,FR
I4210141964,Institut Cochin,FR
I4210126318,Tampere University Hospital,FI
I2802849423,University Medical Center,US
I4210152634,Bạch Mai Hospital,VN
I1298563314,ActionAid,US
I2802089456,Analytical Services,US
I135310074,University of Wisconsin–Madison,US
I880766802,Graduate School USA,US
I4210137766,Institute for Advanced Study,DE
I7868373,International Institute for Strategic Studies,US
I4210109397,Centre for Biomedical Engineering and Physics,SE
I100625452,ON Semiconductor (United States),US
I66862912,Chalmers University of Technology,SE
I4210119487,Taipei City Hospital,TW
I15807432,Osaka Prefecture University,JP
I3020615197,Institute of Service and Entrepreneurship of DGTU,RU
I49332381,University of Oklahoma Health Sciences Center,US
I8692664,University of Oklahoma,US
I170201317,University of Pittsburgh,US
I118292597,National Taipei University of Technology,TW
I4210102224,City Children's Hospital No. 22,RU
I4210134685,PetroVietnam University,VN
I125861091,HELP University,MY
I182023848,Petronas (Malaysia),MY
I86677382,Silpakorn University,TH
I4210136165,Institute of Nephro Urology,IN
I4210109845,Vinmec International Hospital,VN
I4210113566,Burn Institute,US
I188716491,Republic Polytechnic,SG
I71270174,Victoria University,AU
I4210141869,Universitas Semarang,ID
I2799392579,Jakarta State Polytechnic,ID
I4392738060,Politeknik STMI Jakarta,ID
I4210129200,O. P. Jindal Global University,IN
I163770644,Okayama University,JP
I2799725268,Manchester Academic Health Science Centre,GB
I1294350288,Scania (Sweden),SE
I4210103231,Institute for Environmental Management,US
I127339247,California State University System,US
I157485424,Korea Advanced Institute of Science and Technology,KR
I193775966,Yonsei University,KR
I1311218312,Semiconductor Manufacturing International (Italy),IT
I316699675,Hodges University,US
I17145004,Northwestern Polytechnical University,CN
I2799857465,Laboratoire de physique des Solides,FR
I51556381,University of Virginia,US
I1336096307,United States Department of Agriculture,US
I173268674,Texas A&M University System,US
I4210124779,National Aeronautics and Space Administration,US
I4210099662,State Key Laboratory of Hydrology-Water Resources and Hydraulic Engineering,CN
I4210155479,Hospital for Tropical Diseases,VN
I153562115,Syarif Hidayatullah State Islamic University Jakarta,ID
I207123951,New Mexico Institute of Mining and Technology,US
I1294504835,Marshall Space Flight Center,US
I4387152983,Osaka Metropolitan University,JP
I69740276,Tokyo Metropolitan University,JP
I202391551,Czech Academy of Sciences,CZ
I4210122644,FZU ‒ Institute of Physics of the Academy of Sciences of the Czech Republic,CZ
I3130643134,Ensenada Institute of Technology,MX
I189513530,Osaka Electro-Communication University,JP
I41802502,Kanagawa University,JP
I2802340896,Purple Mountain Observatory,CN
I185088104,Tokyo City University,JP
I4210102177,Institute for Nuclear Research,RU
I171481255,Shibaura Institute of Technology,JP
I200870766,Brookhaven National Laboratory,US
I4210142421,Korea Institute of Geoscience and Mineral Resources,KR
I137975476,Shinshu University,JP
I132053463,Université Libre de Bruxelles,BE
I192455894,University of Nova Gorica,SI
I77063589,Kōchi University,JP
I184937672,Chubu University,JP
I165522056,Tokyo Denki University,JP
I90023481,National Institute of Information and Communications Technology,JP
I34250744,University of Łódź,PL
I109289231,National Kaohsiung First University of Science and Technology,TW
I151229976,National Kaohsiung University of Hospitality and Tourism,TW
I192703390,Ming Chuan University,TW
I16590763,National Quemoy University,TW
I4210160393,Advanced Technology Group (Czechia),CZ
I169541294,Flinders University,AU
I2802457231,New Generation University College,ET
I137265801,Osmaniye Korkut Ata University,TR
I36001604,University of Peshawar,PK
I12469534,Quaid-i-Azam University,PK
I58716616,Korea Institute of Science and Technology,KR
I2802050120,Southern General Hospital,GB
I904090387,Global University,LB
I1299170990,Samarkand State University named after Sharof Rashidov,UZ
I110357561,University of the Sciences,US
I40279923,Islamic University,BD
I4394709093,Universitas Islam Negeri Sayyid Ali Rahmatullah Tulungagung,ID
I4210091008,Universitas Nahdlatul Ulama Indonesia,ID
I4210117859,Muhammadiyah University of Ponorogo,ID
I110617504,Tokyo University of Foreign Studies,JP
I181397559,Asia Pacific University of Technology & Innovation,MY
I4210141757,Astana Medical University,KZ
I149213910,University of Antwerp,BE
I28630478,Kanya Maha Vidyalaya,IN
I183638586,Parthenope University of Naples,IT
I35462925,Southern Connecticut State University,US
I24062138,Konkuk University,KR
I4210157573,Vietnam Atomic Energy Instiute,VN
I63169043,United International University,BD
I5023651,McGill University,CA
I138564716,Prince Mohammad bin Fahd University,SA
I91951123,Cheng Shiu University,TW
I4210155448,National Library of Vietnam,VN
I53012624,Joint BioEnergy Institute,US
I102516824,Université de Technologie de Compiègne,FR
I4210112165,Laboratoire Roberval,FR
I1307585291,Khulna University of Engineering and Technology,BD
I29891158,University of Sharjah,AE
I161010349,Atma Jaya Catholic University of Indonesia,ID
I133738476,University of Massachusetts Lowell,US
I179193067,Khon Kaen University,TH
I101407740,Chandigarh University,IN
I4210128752,"Sri Karan Narendra Agriculture University, Jobner",IN
I4210109623,Levi Strauss (United States),US
I4210162071,Harrison Medical Center,US
I201448701,University of Washington,US
I7876267,Open University of the Netherlands,NL
I130769515,Pennsylvania State University,US
I208333798,University of Missouri–St. Louis,US
I47838141,Saint Louis University,US
I43518871,National Kaohsiung Marine University,TW
I78768145,Chihlee Institute of Technology,TW
I189158943,University of Milan,IT
I2803066834,Fondazione IRCCS Ca' Granda Ospedale Maggiore Policlinico,IT
I1289490764,Centers for Disease Control and Prevention,US
I4210124306,The Centers,US
I1315836254,Ministry of Public Health,TH
I4210102376,Centers for Disease Control and Prevention,UG
I4210113904,National Center for HIV/AIDS Viral Hepatitis STD and TB Prevention,US
I18960004,University of Kang Ning,TW
I2799342587,Erlanger Health System,US
I2801778319,Royal National Institute for Deaf People,GB
I4210130898,Tokyo School for the Deaf,JP
I105094715,National Institute of Technology Kurukshetra,IN
I4210141241,Fredericksburg Independent School District,US
I132735039,University of Debrecen,HU
I84524832,Alexandria University,EG
I4210124323,General Commission for Scientific Agricultural Research,SY
I161350542,China Three Gorges University,CN
I4210106043,Foundation for Ichthyosis and Related Skin Types,US
I99682543,University of Minho,PT
I135237710,Zhejiang Normal University,CN
I126427551,Damietta University,EG
I104941359,Al-Ahliyya Amman University,JO
I4210162190,"China University of Petroleum, East China",CN
I182000528,Ajman University,AE
I192398990,Zagazig University,EG
I4400009028,Galala University,EG
I56306041,Lebanese American University,LB
I4210099114,"Czech Academy of Sciences, Institute of Biotechnology",CZ
I3130588412,Sultan Ageng Tirtayasa University,ID
I4210145579,Advanced Center for Orthopedics,US
I39555362,University of Warwick,GB
I60488453,Middlesex University,GB
I102335020,Karlsruhe Institute of Technology,DE
I4210088711,Max Planck Institute for Dynamics and Self-Organization,DE
I5100685,University of Education,PK
I11947397,Tata Institute of Fundamental Research,IN
I4210091979,Institute of Chemical Biology and Fundamental Medicine,RU
I4210158445,Institute of Natural Science,KP
I98301867,Hasanuddin University,ID
I104338594,Inje University,KR
I175548057,Vinayaka Missions University,IN
I4210115326,Swami Vivekanand College of Pharmacy,IN
I1320351128,Delta Air Lines (United States),US
I81433678,Sikkim Manipal University,IN
I197465736,North Eastern Hill University,IN
I127670440,Bahauddin Zakariya University,PK
I115475287,Oklahoma State University,US
I4210147796,University of Faisalabad,PK
I61623833,University of Agriculture Faisalabad,PK
I180437899,University of Bremen,DE
I163340411,Hohai University,CN
I198645480,North China University of Water Resources and Electric Power,CN
I169572211,Northeast Agricultural University,CN
I864159182,University of Silesia in Katowice,PL
I4210160793,Institute of Geographic Sciences and Natural Resources Research,CN
I4210144275,Dhaka University of Engineering & Technology,BD
I189109744,Indian Institute of Technology Dhanbad,IN
I4210133406,Technology Solutions Experts (United States),US
I3020445194,Universidad Nebrija,ES
I2801314757,Mount Wachusett Community College,US
I4210113384,Universidad Católica de Santa Fe,AR
I4210114783,VA Center for Clinical Management Research,US
I4210159538,Mouloud Mammeri University of Tizi-Ouzou,DZ
I4210142395,Torrens University Australia,AU
I84653119,Academia Sinica,TW
I57496824,National Institute of Technology Arunachal Pradesh,IN
I199693650,Umm al-Qura University,SA
I203172682,Northern Arizona University,US
I176861719,University of Shahrood,IR
I98962006,University of Skikda,DZ
I122147150,Universidad Mayor de San Andrés,BO
I154851008,Indian Institute of Technology Roorkee,IN
I67388046,Gorgan University of Agricultural Sciences and Natural Resources,IR
I215927,University of Madras,IN
I80693520,American University in Cairo,EG
I4210112595,Research Institute of Petroleum Exploration and Development,CN
I51622183,Shaanxi University of Science and Technology,CN
I4210086811,Islamic Azad University Sari Branch,IR
I88017793,Port Said University,EG
I4210165529,University of Business and Technology,SA
I106778892,Princess Nourah bint Abdulrahman University,SA
I4210091861,Universidad UTE,EC
I121980950,Utah State University,US
I4210111036,Phenikaa (Vietnam),VN
I3124969661,Université des Sciences et de la Technologie d'Oran Mohamed Boudiaf,DZ
I4210139160,Office National de la Météorologie,DZ
I44636411,Tokyo Keizai University,JP
I165745306,Southwest Petroleum University,CN
I4387156274,PetroChina Southwest Oil and Gas Field Company (China),CN
I192168892,National University of Kaohsiung,TW
I4210096815,Southwestern Medical Center,US
I4388891891,Southwestern Medical Center,US
I867280407,The University of Texas Southwestern Medical Center,US
I162030827,Thapar Institute of Engineering & Technology,IN
I4210124230,Université Mustapha Stambouli de Mascara,DZ
I885383172,National University of Malaysia,MY
I919958821,Bayero University Kano,NG
I78928947,Kyoto University of Advanced Science,JP
I83332908,University of Blida,DZ
I115715567,"Birla Institute of Technology, Mesra",IN
I304664074,Landmark University,NG
I180664298,Federal University of Technology,NG
I182997119,Manonmaniam Sundaranar University,IN
I33585257,"Anna University, Chennai",IN
I4210092213,Ganesamoni Hospital,IN
I162148367,Pontificia Universidad Católica de Chile,CL
I172787465,University of Concepción,CL
I10457146,Universidad de Santiago de Chile,CL
I135388327,University of Kashmir,IN
I4210099876,Cluster University Srinagar,IN
I8778637,National Institute of Technology Srinagar,IN
I2799786571,Committee on Climate Change,GB
I130009713,Suez University,EG
I4210118384,Academy of Scientific Research and Technology,EG
I10180231,National Authority for Remote Sensing and Space Sciences,EG
I97455420,Sohag University,EG
I68649149,University of Malakand,PK
I887064364,University of Amsterdam,NL
I4210089898,Molina Center for Energy and the Environment,US
I203899302,Universiti Teknologi Petronas,MY
I142732210,University of Engineering and Technology Lahore,PK
I16076960,COMSATS University Islamabad,PK
I1327237609,Ministry of Education of the People's Republic of China,CN
I176808543,Liaoning Technical University,CN
I4210166499,Henan Polytechnic University,CN
I4210150479,Institute for Future Engineering,JP
I1290523313,Magyar Agrár- és Élettudományi Egyetem,HU
I113940042,Shanghai University,CN
I928334797,Semnan University,IR
I123900574,Pohang University of Science and Technology,KR
I4210108017,Earth Observatory of Singapore,SG
I4210119759,Essen University Hospital,DE
I8264552,Lublin University of Technology,PL
I205984670,Czech University of Life Sciences Prague,CZ
I131651094,University of Denver,US
I4210133467,Xi'an Aeronautical University,CN
I4401726905,Thai Nguyen University of Medicine and Pharmacy,VN
I2801312763,Stepan Gzhytskyi National University of Veterinary Medicine and Biotechnologies Lviv,UA
I77443782,Uzhhorod National University,UA
I4210137731,Italian Society of Periodontology and Implantology,IT
I2800632838,American Association of Orthodontists,US
I86346663,Royal University of Phnom Penh,KH
I4387930256,SINTEF Industry,NO
I2802304065,University Carlo Cattaneo,IT
I123338534,Università degli Studi del Piemonte Orientale “Amedeo Avogadro”,IT
I60837268,King Mongkut's University of Technology Thonburi,TH
I4210136301,Institute for Nuclear Science and Technology,VN
I4210123907,National University College,PR
I2802194831,Samsung Medical Center,KR
I153904384,University of Languages and International Studies,VN
I55952717,Universitat Rovira i Virgili,ES
I126477371,Mohammed V University,MA
I100286613,Hunan Institute of Science and Technology,CN
I35928602,Kyung Hee University,KR
I4210108050,Fukui National College of Technology,JP
I4210120810,National Institute of Technology,JP
I38260057,In-Q-Tel,US
I4210101034,Birla Institute of Technology and Science - Hyderabad Campus,IN
I74796645,"Birla Institute of Technology and Science, Pilani",IN
I4387155039,New Valley University,EG
I52158045,China Agricultural University,CN
I91041137,Assiut University,EG
I146416000,University of Kansas,US
I102134673,Linköping University,SE
I4210098205,State Key Laboratory of Oil and Gas Reservoir Geology and Exploitation,CN
I291386647,Belarusian State University,BY
I4210118944,"Czech Academy of Sciences, Institute of Chemical Process Fundamentals",CZ
I2800979047,Goa Dental College and Hospital,IN
I4387930225,Universitas PGRI Adi Buana Surabaya,ID
I4210162377,National Institute of Science and Technology,ID
I4210142209,John von Neumann University,HU
I2802238791,Nayanova University,RU
I1334095494,New York City Department of Health and Mental Hygiene,US
I4210096256,Office of Readiness and Response,US
I4210150894,Jacobs (United States),US
I899146839,Cook Medical (Denmark),DK
I4210118335,Islamic Azad University of Chalous,IR
I160013858,Istituto Nazionale di Fisica Nucleare,IT
I151221077,Chung Yuan Christian University,TW
I119806805,Nagaoka University,JP
I3129754710,Alexandria Higher Institute of Engineering and Technology,EG
I148751991,Sogang University,KR
I24943067,Fudan University,CN
I4210159575,Huashan Hospital,CN
I1343052199,Kaiser Permanente,US
I90767664,Persian Gulf University,IR
I177136067,Saga University,JP
I4210133587,Discovery Air (Canada),CA
I173911158,Iowa State University,US
I52357470,The Ohio State University,US
I4210162955,Universitas Satya Negara Indonesia,ID
I113330528,Khazar University,AZ
I95023434,University of KwaZulu-Natal,ZA
I4210141639,Max Planck Institute for Plant Breeding Research,DE
I62318514,University of Duisburg-Essen,DE
I82951845,RMIT University,AU
I2801398864,Saxion,NL
I99041443,Mississippi State University,US
I4210090782,Max-Planck-Institut für Kohlenforschung,DE
I2802166871,Universidad Católica del Norte,CL
I4210138643,Universidad Técnica Federico Santa María,EC
I4061448,Universidad de Sonora,MX
I121595252,Polytechnic University of Puerto Rico,PR
I1332107658,Universidad Politécnica de Baja California,MX
I147482076,Institute for Scientific and Technological Research,MX
I4210156903,Materials Research Group (United States),US
I59499333,Optica,US
I4210116886,Chongqing Vocational Institute of Engineering,CN
I2800727921,Hospital Pulau Pinang,MY
I37445192,University of Wollongong Malaysia,MY
I12649496,INTI International University,MY
I45935490,National Institute of Water and Atmospheric Research,NZ
I65079550,Universiti Malaysia Perlis,MY
I240042149,Abdelmalek Essaâdi University,MA
I157696592,Universiti Malaysia Terengganu,MY
I169199633,Aston University,GB
I205490536,Dongguk University,KR
I67900169,Chung-Ang University,KR
I120211734,Chung Hwa University of Medical Technology,TW
I2802753785,Mackay Memorial Hospital,TW
I4210127074,Zhongshan Hospital,CN
I2801520950,At Bristol,GB
I36234482,University of Bristol,GB
I133836048,Royal Veterinary College,GB
I4210090442,Potters Bar Community Hospital,GB
I4210152766,Marine Technology Unit,ES
I4210090508,Azienda Sanitaria Unità Locale di Reggio Emilia,IT
I2800191209,Pennsylvania Hospital,US
I17606148,École Nationale Vétérinaire d'Alfort,FR
I4210088630,Victorian Infectious Diseases Reference Laboratory,AU
I70931966,Université de Montréal,CA
I4210086830,Ospedale San Paolo,IT
I4210117242,Queen's Hospital,GB
I4210119974,Queen's Hospital,GB
I4210145253,Instituut voor Landbouw en Visserijonderzoek,BE
I4210099919,Carolina Veterinary Specialists,US
I4210125303,Hospital Municipal Souza Aguiar,BR
I2802007660,University Hospital Augsburg,DE
I4210104730,The Langton Grammar School for Boys,GB
I100930933,University College Dublin,IE
I2799506148,Government of Western Australia,AU
I133960621,Roslin Institute,GB
I4210139188,Menescalia Centro Veterinario,ES
I4210131435,Willows Veterinary Centre and Referral Service,GB
I150540706,University of Veterinary Medicine Vienna,AT
I130692619,Bern University of Applied Sciences,CH
I185658715,Universities UK,GB
I4210101951,Telemetry Associates (United Kingdom),GB
I9360294,University of Bologna,IT
I4210107769,Southern Water (United Kingdom),GB
I130438778,Memorial University of Newfoundland,CA
I2800023466,Energy Technologies Institute,GB
I4210121466,Indian Institute of Technology Bhilai,IN
I134359838,Alfaisal University,SA
I4391767729,Almaarefa University,SA
I4210091339,Laboratory of Molecular Genetics,PL
I4405263268,Thai Nguyen University of Information and Communication Technology,VN
I142401562,Electronics and Telecommunications Research Institute,KR
I130291710,Visva-Bharati University,IN
I275778967,Raiganj University,IN
I121750182,National Institute of Technology Warangal,IN
I4210133503,Central University of Haryana,IN
I4210136062,Brown Foundation,US
I919571938,The University of Texas Health Science Center at Houston,US
I57664883,Ajou University,KR
I4210122016,Wellcome / EPSRC Centre for Interventional and Surgical Sciences,GB
I107672454,Dartmouth College,US
I36258959,University of California San Diego,US
I4210099595,VA San Diego Healthcare System,US
I4210105147,"Gouvernance, Risque, Environnement, Développement",FR
I4210158294,National Center for Post Traumatic Stress Disorder,US
I203189479,The Open University of Japan,JP
I4400600942,Yonsei University College of Dentistry,KR
I154381313,Pibulsongkram Rajabhat University,TH
I4210163248,Institute of Marine Geology and Geophysics,VN
I4210111899,Burke Foundation,US
I4210140343,Connecticut Department of Public Health,US
I41156924,Victoria University of Wellington,NZ
I4210121772,Islamic Azad University of Shahrekord,IR
I4210088526,Naberezhnye Chelny State Pedagogical Institute,RU
I192513696,National University of San Marcos,PE
I143923087,Sultan Idris Education University,MY
I3129553732,Togliatti State University,RU
I181085462,Sunan Kalijaga State Islamic University Yogyakarta,ID
I4210100953,Xi'an University of Finance and Economics,CN
I85922643,Nagaoka University of Technology,JP
I114112103,Leibniz University Hannover,DE
I4387154758,Anchor University Lagos,NG
I114756412,Universidad Autónoma de Ciudad Juárez,MX
I4210154711,Institute of Finance and Banking,CN
I4210136099,Quảng Bình University,VN
I32881790,Université de Poitiers,FR
I149461666,Ca' Foscari University of Venice,IT
I167694869,Bu-Ali Sina University,IR
I1333651918,Indian Institute of Tropical Meteorology,IN
I4387154453,Al-Ayen Iraqi University,IQ
I1317621060,Indian Institute of Technology Guwahati,IN
I129604602,The University of Sydney,AU
I145286018,SRM Institute of Science and Technology,IN
I4401200382,Universitas Muhammadiyah Kalimantan Timur,ID
I4210159645,Woldia University,ET
I163753206,Chungbuk National University,KR
I78037679,UiT The Arctic University of Norway,NO
I59272784,"Arab Academy for Science, Technology, and Maritime Transport",EG
I75092371,University of Hradec Králové,CZ
I464993,Barkatullah University,IN
I3130958653,Jagran Lakecity University,IN
I70593384,Lead City University,NG
I8078737,Clemson University,US
I28710699,Hellenic Mediterranean University,GR
I197610006,University of Lagos,NG
I904495901,Ruhr University Bochum,DE
I106969075,Idaho State University,US
I84884186,Newcastle University,GB
I862893732,Telkom University,ID
I931278978,College of Business Administration,LV
I103031861,Plekhanov Russian University of Economics,RU
I193073490,Siksha O Anusandhan University,IN
I3130997290,University of Pembangunan Nasional Veteran Jawa Timur,ID
I4387155296,Thanh Do University,VN
I94658018,University of Memphis,US
I123044942,Universitat Autònoma de Barcelona,ES
I197518295,IZA - Institute of Labor Economics,DE
I8977528,Dr. Hari Singh Gour University,IN
I5936373,University of Montenegro,ME
I74788687,Comenius University Bratislava,SK
I67337280,Egyptian Russian University,EG
I4210153885,Institute of Bioinformatics and Applied Biotechnology,IN
I4210154298,Leibniz Institute for Zoo and Wildlife Research,DE
I3141906898,Asia University,JP
I32625721,University of Saskatchewan,CA
I721619,Benemérita Universidad Autónoma de Puebla,MX
I3131387778,Institute of Public Enterprise,IN
I4210119805,Instituto de Pesca,BR
I4210147329,Instituto de Desenvolvimento Sustentável Mamirauá,BR
I921716337,Northeast Petroleum University,CN
I82904351,University of Santo Tomas,PH
I4210154111,Université Gustave Eiffel,FR
I4210155267,Institute for Tourism,HR
I63525965,Western Sydney University,AU
I206597221,Kongju National University,KR
I44073558,Gongju National University of Education,KR
I145808223,Hanbat National University,KR
I116631150,Ulsan College,KR
I4210136447,Ulsan University Hospital,KR
I4210100252,William Angliss Institute,AU
I4210117728,Center For Remote Sensing (United States),US
I2802042752,University High School,US
I89440247,Myongji University,KR
I134161618,National Taiwan Normal University,TW
I4210138331,"Biodiversity Research Center, Academia Sinica",TW
I15766117,University of Graz,AT
I4092182,Graz University of Technology,AT
I4210145347,Federal Service for Surveillance on Consumer Rights Protection and Human Wellbeing,RU
I220840466,Chettinad Academy of Research and Education,IN
I2801758192,Chettinad Health City,IN
I99908691,Yuan Ze University,TW
I2799677732,Launceston General Hospital,AU
I4210159985,Sakon Nakhon Rajabhat University,TH
I204337017,Aarhus University,DK
I2802335433,Aarhus University Hospital,DK
I118501908,National Research University Higher School of Economics,RU
I4210109390,National Center for Biotechnology Information,US
I124246371,York St John University,GB
I4210118097,Research & Development Institute,US
I121296143,Hunan University of Science and Technology,CN
I179324530,Jilin University of Finance and Economics,CN
I4210086659,Jilin Jianzhu University,CN
I4210160994,Ministry of Education,KN
I4210137805,Victoria School of Management,CH
I205401836,National Institute for Materials Science,JP
I241749,University of Cambridge,GB
I4210139501,Universitas Islam Syekh Yusuf,ID
I74899385,Central Queensland University,AU
I188538660,University of Colorado Boulder,US
I2802236040,University of Colorado System,US
I32062511,Heriot-Watt University,GB
I4210085930,Heriot-Watt University Malaysia,MY
I4210117796,Ashesi University,GH
I4210099821,International University of Management,NA
I4210103010,Economic Policy Research Centre,UG
I4210098748,Department of Science and Technology,IN
I1296812847,Public Policy Institute of California,US
I4210124077,Duke Institute for Health Innovation,US
I60158472,Concordia University,CA
I4210148861,Khanh Hoa General Hospital,VN
I174025329,University of the Sunshine Coast,AU
I188329596,University of Canberra,AU
I2802604338,Manly Hospital,AU
I4210134393,China National Chemical Engineering (China),CN
I4210131196,Institute for Bioprocessing and Analytical Measurement Techniques,DE
I4210089758,Anhalt University of Applied Sciences,DE
I4210116091,"Department of Physics, Mathematics and Informatics",BY
I119449181,Technische Universität Ilmenau,DE
