paper_id,topic_id,probability
W2958510524,28,0.6340558528900146
W3013943119,3,0.6043140292167664
W1902563258,31,0.7653064727783203
W2172418087,28,0.5617653727531433
W3017246359,15,0.6769686341285706
W2983803309,28,0.5841896533966064
W4280639034,19,0.7040027976036072
W4211174566,31,0.2116280049085617
W2767566591,28,0.6818565130233765
W4403315124,40,0.7822788953781128
W4206770842,15,0.6782348155975342
W4210525043,2,0.5395092368125916
W3049547297,25,0.7452884912490845
W4315628232,42,0.7257609963417053
W4385755928,19,0.8324876427650452
W4205572929,30,0.6896095871925354
W2129239406,10,0.7218142747879028
W4386077917,1,0.3564200699329376
W4385174759,0,0.797356903553009
W4212931299,19,0.7304155230522156
W4283780422,19,0.7338957786560059
W3142776653,17,0.7761384844779968
W3135296255,0,0.6128981709480286
W3116490051,27,0.7737619876861572
W4213032084,42,0.7234818339347839
W4200142760,42,0.6691145300865173
W4308443963,19,0.7289822697639465
W4212864265,8,0.3726058900356293
W3199547620,0,0.6277875900268555
W4296591880,0,0.5063974857330322
W4296707155,45,0.6640005111694336
W4313260174,12,0.47129401564598083
W4280534488,19,0.559330940246582
W3194887689,2,0.6694207191467285
W3205949772,0,0.5576497912406921
W3008389910,8,0.6203736662864685
W4290471674,34,0.7062439918518066
W4205413676,19,0.7613896727561951
W4280596026,8,0.5483978986740112
W3137403156,45,0.5165529847145081
W4231545820,25,0.600393533706665
W4317423688,1,0.5008835196495056
W4317794911,2,0.3970886170864105
W3023664969,31,0.5610056519508362
W4391612257,15,0.6527650356292725
W4320917642,15,0.6955881118774414
W3201040525,16,0.5829976201057434
W4206228720,2,0.6747446060180664
W4292265082,12,0.6527391076087952
W4385413477,15,0.6848971247673035
W4295678942,38,0.6557914614677429
W4319596802,6,0.7293806076049805
W3093833112,31,0.2116280049085617
W4283384300,19,0.6692818999290466
W4315474727,42,0.7339716553688049
W4322628962,19,0.7328730821609497
W3153426027,0,0.6810468435287476
W4200131528,1,0.5362934470176697
W4367031967,0,0.4064749777317047
W4313527793,19,0.7008086442947388
W4319456382,15,0.7119978666305542
W4320922100,38,0.7476917505264282
W4322743240,15,0.535800576210022
W4414022061,6,0.6618155837059021
W4414271358,2,0.5845457315444946
W4414298067,37,0.632115364074707
W4414500923,32,0.6750108003616333
W4415097908,9,0.6485725045204163
W4415493830,26,0.5447961688041687
W4415494710,6,0.6335771679878235
W4415557159,37,0.5695669054985046
W4415649536,31,0.4372437000274658
W4415747466,16,0.5781804323196411
W4416386813,20,0.6093942523002625
W4416407004,3,0.6364478468894958
W4416564054,15,0.5754327178001404
W4416718774,9,0.5490875840187073
W4416954067,40,0.49630242586135864
W4417200652,11,0.7154497504234314
W4417284240,2,0.19938375055789948
W7115881942,20,0.5645849108695984
W7115905231,20,0.49782437086105347
W7116782209,13,0.6264010667800903
W7117967106,40,0.6511317491531372
W7117993812,9,0.7776888608932495
W7118568249,9,0.7556365728378296
W7119595644,13,0.6340051889419556
W7123341761,1,0.39813685417175293
W7124893938,31,0.5354875326156616
W7125369332,1,0.5360338091850281
W7125419339,27,0.6894627809524536
W7125497916,36,0.7368155121803284
W7126052704,2,0.14379316568374634
W7127145222,1,0.632037878036499
W7129373484,6,0.7154037356376648
W7130349534,6,0.5225692987442017
W7133833955,6,0.34649527072906494
W7134238770,12,0.6350364685058594
W7135040571,40,0.5013826489448547
W7139092179,38,0.6552252173423767
W7153004412,15,0.5016384124755859
W2054439996,23,0.6885938048362732
W2166834409,23,0.5573824644088745
W2036122594,23,0.6095839142799377
W1491100760,31,0.7586464881896973
W1966693592,9,0.328913152217865
W1986229552,0,0.4147266745567322
W2124259739,14,0.5350205302238464
W2124661513,14,0.5065440535545349
W4241781093,10,0.6817258596420288
W2957138175,28,0.5980964303016663
W2035542467,10,0.5931291580200195
W2561235885,28,0.5357895493507385
W3011327622,24,0.6878066658973694
W3014248967,27,0.5741834044456482
W3046978282,41,0.7447693943977356
W3158335115,3,0.6303584575653076
W2062548560,14,0.5506108403205872
W3137041823,1,0.6379453539848328
W3179003915,0,0.6064723134040833
W4293226203,0,0.6965022683143616
W4362492618,26,0.2568901479244232
W2953246412,28,0.5540375113487244
W3173625614,2,0.6991973519325256
W4283779811,4,0.36091700196266174
W4293103731,7,0.8591902256011963
W2909806954,6,0.521392285823822
W3094652768,25,0.5854473114013672
W3129119852,1,0.5794020295143127
W4200616974,0,0.5672815442085266
W2383588927,33,0.698204755783081
W2887012287,45,0.6380084156990051
W3115873876,3,0.5512860417366028
W3123843024,44,0.5628550052642822
W3135218284,25,0.7408011555671692
W3135627771,0,0.6278394460678101
W3200004199,43,0.8815451264381409
W3212502722,2,0.7223644852638245
W4380203105,0,0.6924521327018738
W4382809552,5,0.20569221675395966
W4385349456,21,0.591380774974823
W2964862300,2,0.7198851108551025
W3082289561,27,0.7974399924278259
W3125339323,24,0.6382239460945129
W3134693037,0,0.6294259428977966
W3138092914,7,0.7478882670402527
W3183386125,17,0.6962817907333374
W3202893602,41,0.4851630926132202
W3214891465,9,0.36485448479652405
W4214738594,3,0.6891247630119324
W4280493801,37,0.7354182600975037
W4286470537,4,0.7143633365631104
W4291184494,3,0.6110180616378784
W4313198840,25,0.49166056513786316
W4327969100,26,0.5589669942855835
W3040505135,3,0.6229273080825806
W3133848566,0,0.5751611590385437
W3201477092,41,0.7821354866027832
W3203312421,8,0.2514340281486511
W3206327856,8,0.7036033868789673
W4231330581,14,0.6569429039955139
W4282926064,3,0.5640634894371033
W4283327689,28,0.4924360513687134
W4293317947,37,0.6799306869506836
W4308731653,16,0.3542171120643616
W4367728083,26,0.24816451966762543
W4376477514,0,0.6207924485206604
W4394924177,3,0.4217192530632019
W2885929736,1,0.49184852838516235
W3005361225,8,0.7222738265991211
W3023182627,8,0.5904449224472046
W3104851081,5,0.7597352266311646
W3138212945,7,0.8918411731719971
W3195977773,8,0.6294516324996948
W3196785563,32,0.7361135482788086
W3201373879,41,0.2828061580657959
W4280596211,42,0.7192619442939758
W4285272089,4,0.6686457991600037
W4287009081,0,0.6523168683052063
W4294301143,19,0.7326085567474365
W4298004743,35,0.6177700161933899
W4318476690,32,0.6604807376861572
W4364304374,3,0.7423550486564636
W4377002350,37,0.458137184381485
W4385461610,36,0.4405805766582489
W4385694505,16,0.44113266468048096
W4388086462,3,0.6369481682777405
W4392237545,0,0.7507741451263428
W4398763277,6,0.7340752482414246
W4401973782,0,0.5811094641685486
W4402693320,0,0.6756433248519897
W2995545104,14,0.7366510033607483
W3094686556,0,0.5535770058631897
W3095119307,8,0.7440471053123474
W3118181881,24,0.6686986088752747
W3138109193,7,0.8695714473724365
W3188003319,0,0.6903647184371948
W3201406051,29,0.27102965116500854
W4224003837,2,0.7633726596832275
W4289102291,35,0.6399878859519958
W4308239173,0,0.7102479338645935
W4310023520,10,0.6593591570854187
W4315651646,26,0.5199298858642578
W4319014693,0,0.6565364599227905
W4327517834,15,0.5722290873527527
W4362713063,25,0.5372531414031982
W4364359915,0,0.7164226174354553
W4367022856,39,0.5032145977020264
W4389347088,44,0.7144063115119934
W4389474151,17,0.8990328311920166
W4389648609,24,0.6613634824752808
W4391126777,37,0.4682786464691162
W4391261154,41,0.5846446752548218
W4401719937,2,0.7002615332603455
W4402903753,40,0.742762565612793
W4407356752,35,0.4682566225528717
W2393977638,33,0.556607723236084
W3037301877,3,0.47108784317970276
W3199622387,5,0.6883689761161804
W3213824419,7,0.4341427683830261
W4221099258,21,0.6024297475814819
W4280511978,22,0.7797837257385254
W4281679354,10,0.49643445014953613
W4285819868,4,0.7274613380432129
W4292749626,28,0.5197346210479736
W4302306691,0,0.6130891442298889
W4313259690,41,0.46713101863861084
W4361798884,33,0.286464124917984
W4381660791,43,0.8086747527122498
W4386636570,4,0.7694206833839417
W4388572911,10,0.7436494827270508
W4392600430,14,0.5067419409751892
W4393334210,11,0.6195382475852966
W4396661170,0,0.5990342497825623
W4396706012,30,0.5649746656417847
W4400220421,3,0.6375942230224609
W4401333651,0,0.62496018409729
W4401385430,9,0.7222713232040405
W4403302723,6,0.6464483737945557
W4405412520,0,0.6832143664360046
W4406148933,33,0.7370947003364563
W4406608287,26,0.7131034731864929
W4408078602,0,0.7333141565322876
W4409412339,6,0.5563880205154419
W4409916877,16,0.29939767718315125
W4411306514,19,0.6163402795791626
W4280508442,0,0.5642008781433105
W4322501313,18,0.8804430365562439
W4386919259,13,0.6414159536361694
W4401104278,25,0.5919876098632812
W4404189171,30,0.6570852994918823
W4405326060,13,0.726374089717865
W4408223448,2,0.4234098792076111
W4409606894,15,0.6162311434745789
W3165738160,44,0.5772091746330261
W3213381090,12,0.6601741313934326
W4323979420,3,0.6949256658554077
W4387358503,0,0.7630958557128906
W4404755595,5,0.5330483317375183
W4405203001,0,0.5412859916687012
W4407261142,1,0.6045296788215637
W4407394155,1,0.3743129372596741
W4408053749,29,0.47249937057495117
W4410852962,17,0.7669992446899414
W4412744172,0,0.7056924700737
W4412907586,0,0.6186250448226929
W4415655487,34,0.45064491033554077
W7116930752,2,0.2950547933578491
W7118181553,19,0.628268837928772
W7122846026,16,0.5378121137619019
W7128441206,12,0.7413762807846069
W7138919472,36,0.7940806746482849
W2169308829,23,0.6372544765472412
W2343142093,9,0.3440692722797394
W3135291682,0,0.5940781831741333
W3199087809,8,0.4221065640449524
W3139279360,11,0.3470028042793274
W4230184352,28,0.33097440004348755
W4392707062,3,0.6231429576873779
W4392872257,30,0.5339257121086121
W3028502042,3,0.5788797736167908
W3030708207,8,0.7498605847358704
W3110285783,4,0.37045490741729736
W3131006025,0,0.6388119459152222
W3183299895,3,0.6897341012954712
W4206200003,0,0.7536131739616394
W4224262552,0,0.6288613080978394
W4281567426,0,0.6242546439170837
W4285728680,19,0.7466001510620117
W4318831528,3,0.6137638092041016
W1975716766,5,0.32495278120040894
W2353534931,33,0.4689108729362488
W2803488416,27,0.7519869208335876
W3000922636,1,0.5115365982055664
W3005516765,3,0.34444764256477356
W3021033722,44,0.6510693430900574
W3081948563,41,0.5390098094940186
W3108801041,3,0.5882761478424072
W3133493398,0,0.6220124959945679
W3134277447,0,0.566169023513794
W3139232151,46,0.6712958812713623
W3174934777,2,0.6911346912384033
W3199233539,33,0.6255379915237427
W3199646977,3,0.6148098111152649
W3202001992,17,0.4458273947238922
W3208830123,0,0.6387135982513428
W4200252789,4,0.6013609170913696
W4206208028,0,0.5038816928863525
W4283013405,26,0.49392151832580566
W4283723790,10,0.554316520690918
W4284993592,4,0.7372741103172302
W4286484421,8,0.242654949426651
W4292787526,11,0.7943556904792786
W4293790322,10,0.7045735716819763
W4307303369,16,0.38171833753585815
W4308601566,26,0.6181108355522156
W4311301015,1,0.5216894745826721
W4311627462,33,0.5942199230194092
W4313130190,10,0.4054888188838959
W4313364861,26,0.41695523262023926
W4313465680,0,0.4492223858833313
W4361856004,4,0.5698660016059875
W4378084553,12,0.6395289897918701
W4385583831,0,0.6923017501831055
W4387442103,10,0.4006287753582001
W4394998479,44,0.5517920255661011
W2350837785,12,0.5972174406051636
W3094167965,2,0.6207384467124939
W3117538281,10,0.6239384412765503
W3137287652,7,0.5396472811698914
W3143440782,6,0.6148775219917297
W3182920453,19,0.5103119015693665
W3199377162,3,0.39620599150657654
W3199681249,8,0.33956870436668396
W3201355987,41,0.6246477365493774
W3201649873,7,0.8732892870903015
W3202334535,25,0.7832915186882019
W3213351247,26,0.5021027326583862
W3214195485,7,0.4868050813674927
W3214813022,19,0.6502665877342224
W3215851103,3,0.5921670794487
W4213441121,12,0.583702564239502
W4221017466,16,0.3867262005805969
W4225604235,4,0.7814315557479858
W4225827215,17,0.7809228897094727
W4226406074,4,0.5928115844726562
W4226409382,0,0.6313671469688416
W4281561494,0,0.6521762013435364
W4281728060,3,0.729068398475647
W4283735051,11,0.5328012108802795
W4285100541,38,0.4820847511291504
W4285732290,4,0.7635884881019592
W4288033526,0,0.5265524983406067
W4295540513,4,0.6118693351745605
W4307532462,0,0.6457037329673767
W4311088087,17,0.6278457045555115
W4312259919,2,0.324526846408844
W4317383016,15,0.5938084125518799
W4317434551,4,0.7550349831581116
W4318984786,1,0.47304418683052063
W4360620764,3,0.5745947957038879
W4377091076,11,0.7770232558250427
W4379378793,6,0.2050468772649765
W4388140420,42,0.6479814648628235
W4389263859,24,0.7432233095169067
W4390344721,21,0.7871764898300171
W4393010195,22,0.2517831325531006
W2901943242,27,0.6479029655456543
W2912620416,0,0.6182165145874023
W2971660217,13,0.5239585041999817
W3087384557,25,0.6231232285499573
W3096589855,0,0.6453104019165039
W3110222689,8,0.7299754023551941
W3127074863,25,0.5457978248596191
W3129870341,0,0.6121766567230225
W3136052365,7,0.7044156193733215
W3146827522,44,0.5152716636657715
W3200070658,5,0.605604887008667
W3200881703,5,0.5983203649520874
W3202888749,2,0.6666260957717896
W3212846661,30,0.6840315461158752
W4223991974,8,0.6044921278953552
W4225130455,0,0.5523696541786194
W4281558467,2,0.6796112656593323
W4281779723,30,0.8110232949256897
W4283763732,8,0.30054450035095215
W4311480621,4,0.6876667737960815
W4312002004,1,0.4004020094871521
W4313332129,0,0.6483766436576843
W4317382500,31,0.4141019880771637
W4321368823,2,0.592939019203186
W4376128659,19,0.8182433247566223
W4385588402,33,0.557129979133606
W4385987955,26,0.6861577033996582
W4386691791,4,0.7564967274665833
W4387868634,6,0.6440616250038147
W4388504124,37,0.5062783360481262
W4389323198,4,0.7299110889434814
W4389397671,1,0.4022657573223114
W4392281991,3,0.6133230328559875
W4394617350,12,0.575206458568573
W4394925055,0,0.715996265411377
W4399579863,6,0.584981381893158
W4400127655,3,0.524625301361084
W4400605975,10,0.6190296411514282
W4400855508,3,0.6315129995346069
W4400933422,12,0.3534500002861023
W4402063140,0,0.6832022666931152
W4402096472,11,0.6800979971885681
W4402693298,0,0.5222852230072021
W4402693308,0,0.7442635893821716
W4403286789,32,0.6562362909317017
W4403852725,9,0.27024057507514954
W4403867823,6,0.6509299278259277
W4403889363,9,0.5677028894424438
W4404007090,40,0.5143128633499146
W4405399025,26,0.4978671967983246
W4405934536,15,0.44212281703948975
W4406018358,39,0.3574848175048828
W4408099539,28,0.6446155905723572
W4408868085,17,0.7668218016624451
W4409969821,15,0.6802397966384888
W2339729704,6,0.48819929361343384
W2941956459,13,0.5549418330192566
W3097575064,0,0.4468795955181122
W3099136805,37,0.540873110294342
W3131314037,0,0.7487668991088867
W4283325298,0,0.6821308732032776
W3026677938,25,0.600393533706665
W3046893219,0,0.562989354133606
W3089377971,2,0.49715736508369446
W3191079210,43,0.8636285066604614
W3201099188,27,0.3126603066921234
W3215054809,2,0.7698158025741577
W4220845100,24,0.7154147028923035
W4288082210,6,0.5188771486282349
W4381855576,4,0.35234779119491577
W3089696556,2,0.6289310455322266
W3116402835,0,0.6178708672523499
W3138233066,7,0.8800584673881531
W3155045737,2,0.13225720822811127
W3155712582,2,0.7067674398422241
W3171997405,42,0.5094284415245056
W3177030083,11,0.4355419874191284
W3195495426,29,0.611010730266571
W3199129238,8,0.693054735660553
W3200530318,5,0.6040417551994324
W3211845002,12,0.5865000486373901
W3213961969,2,0.7212334871292114
W3216706421,7,0.20650838315486908
W4205601378,0,0.6598213315010071
W4283383303,3,0.6977844834327698
W4290719035,3,0.5619287490844727
W4293221027,8,0.5436404347419739
W4300669402,39,0.7904484868049622
W4317382465,41,0.6915066242218018
W4323338495,8,0.4621996581554413
W4323649772,4,0.6242395639419556
W4362457768,14,0.4700224995613098
W4376127221,21,0.7488356828689575
W4384944020,31,0.6485357880592346
W4388769279,3,0.475269079208374
W4389784464,3,0.45265278220176697
W4391533706,27,0.6454553008079529
W4391742087,26,0.23006311058998108
W4392590475,19,0.7582914233207703
W4396806920,0,0.6128824949264526
W4401150801,43,0.8890284299850464
W2979222737,28,0.19195543229579926
W3094847424,0,0.6908246278762817
W3128738220,8,0.3528960049152374
W3158933702,0,0.5324414372444153
W3168535772,11,0.5535342693328857
W3199822558,5,0.7515029311180115
W3200655254,29,0.5049691796302795
W3200879270,0,0.3453221321105957
W3212008025,7,0.7109483480453491
W4235795462,0,0.4678182899951935
W4280510179,10,0.6457631587982178
W4286432941,22,0.712111234664917
W4288468332,17,0.8084875345230103
W4303614832,0,0.606158971786499
W4306657266,35,0.5450670719146729
W4309582248,4,0.4333302974700928
W4312329452,29,0.2537600100040436
W4313203918,25,0.7609183192253113
W4319297517,12,0.3559263050556183
W4320499548,25,0.690400242805481
W4321349922,14,0.3924013674259186
W4378650985,27,0.5997082591056824
W4380538570,18,0.803112804889679
W4382795276,0,0.5851888656616211
W4386053682,26,0.5122724771499634
W4386059449,10,0.615778923034668
W4386138949,31,0.5734314322471619
W4386259142,29,0.2986662983894348
W4386387092,0,0.5643670558929443
W4386478134,31,0.6369070410728455
W4386691717,4,0.6382494568824768
W4386976132,46,0.6434322595596313
W4387381105,26,0.43896064162254333
W4389288960,42,0.42042478919029236
W4389425859,2,0.6892904043197632
W4389980020,2,0.21713843941688538
W4390397606,4,0.3247043788433075
W4390760815,10,0.5899069309234619
W4390891339,8,0.3405427038669586
W4392706626,3,0.509157657623291
W4396238256,0,0.5218902230262756
W4396514771,37,0.5499536991119385
W4396538106,37,0.3035421371459961
W4396616363,0,0.5512224435806274
W4399084369,1,0.5852559804916382
W4399215112,24,0.6832932829856873
W4400351743,32,0.7286717295646667
W4401050456,24,0.7740181684494019
W4401475444,3,0.6854871511459351
W4401948602,14,0.7310927510261536
W4402190902,0,0.39169198274612427
W4402487125,26,0.5038663148880005
W4403377680,0,0.579935610294342
W4403520191,37,0.5622127056121826
W4403528224,11,0.6856854557991028
W4403897111,37,0.7454213500022888
W4404032082,11,0.795720636844635
W4404070413,0,0.7390269041061401
W4404087784,3,0.7489351034164429
W4404167614,6,0.3246580958366394
W4404761741,30,0.5745187997817993
W4404886589,0,0.705664873123169
W4405108720,11,0.7972580194473267
W4406024089,31,0.5507504343986511
W4406558522,40,0.48747318983078003
W4407714316,9,0.7572641372680664
W4408223418,2,0.6098867058753967
W4408810965,5,0.4518853425979614
W4409211232,14,0.6235058307647705
W4409968850,32,0.6632378101348877
W4410506249,31,0.7192443013191223
W4410810504,2,0.4732663333415985
W4410853014,42,0.5838298797607422
W4411100563,0,0.6552872061729431
W4411238397,24,0.7474624514579773
W4411344196,38,0.5751785039901733
W4411506892,0,0.6403820514678955
W4411852273,29,0.7423396706581116
W4412184462,16,0.4659813642501831
W4412728291,0,0.43610745668411255
W4413145178,16,0.484163761138916
W4413194450,4,0.5714771747589111
W4413910107,0,0.504997193813324
W2055401175,23,0.691235363483429
W2153576566,23,0.624049961566925
W2112833496,23,0.6283817887306213
W1968226995,23,0.6614580154418945
W2393331166,3,0.42897820472717285
W1604170348,31,0.5704915523529053
W2351048033,2,0.21703335642814636
W2520192379,5,0.6884497404098511
W2785307350,5,0.34712526202201843
W2901663768,24,0.5596627593040466
W3174338508,27,0.5895976424217224
W4406781802,0,0.7053969502449036
W2550110029,28,0.5801007151603699
W2888106948,5,0.5963344573974609
W3021273088,2,0.5634954571723938
W3091775653,2,0.6834351420402527
W3211655903,7,0.8895003199577332
W2064980181,28,0.13624492287635803
W2330652693,3,0.4555397629737854
W2350797629,46,0.35095664858818054
W2357006790,33,0.5345230102539062
W2358678889,12,0.5233852863311768
W2358823656,12,0.482927143573761
W2364023241,42,0.5608601570129395
W2888586085,2,0.643853485584259
W2895059192,5,0.6020733714103699
W3025191241,0,0.39915767312049866
W3039627223,3,0.6464873552322388
W3088810769,8,0.48809823393821716
W3094440337,3,0.4934093952178955
W3111124944,11,0.5642462968826294
W3126654748,19,0.576690673828125
W3145787593,2,0.6408550143241882
W3164075327,8,0.5479514002799988
W3165257331,45,0.4905663728713989
W3168575142,11,0.5535342693328857
W3172140456,45,0.4120790362358093
W3182300114,12,0.5216334462165833
W3200335129,5,0.6628454923629761
W3212618266,2,0.5307042002677917
W3213278528,43,0.8977957367897034
W4200523471,25,0.538942277431488
W4200618519,21,0.629580557346344
W4206104263,0,0.6681041121482849
W4226071606,4,0.6838772892951965
W4226188354,0,0.5211784243583679
W4232993015,8,0.7036033868789673
W4282049254,24,0.7473068237304688
W4283712137,10,0.5941578149795532
W4285166530,4,0.6518138647079468
W4289259902,8,0.3241539001464844
W4313248409,24,0.7236694097518921
W4386526168,14,0.6271902918815613
W1866945369,5,0.21675053238868713
W2360313292,26,0.27557194232940674
W2361211101,35,0.6757148504257202
W2378196336,33,0.7580928206443787
W2385509500,20,0.45766398310661316
W2393862579,35,0.42224597930908203
W2901074797,5,0.6783922910690308
W2919650154,13,0.49249449372291565
W2920983499,20,0.6123661994934082
W2922114288,23,0.3612178564071655
W2946688566,25,0.4086940586566925
W2986661965,0,0.7194817662239075
W2991391102,8,0.2299659699201584
W3008486894,25,0.7314068675041199
W3049614703,8,0.39744070172309875
W3090567294,22,0.7341218590736389
W3101266795,5,0.6719273328781128
W3101745018,12,0.2786724865436554
W3103923053,5,0.7427415251731873
W3108106393,2,0.6293249726295471
W3121428906,2,0.7069261074066162
W3131024833,0,0.5934199094772339
W3136825017,7,0.7533087134361267
W3138728005,29,0.3134712278842926
W3144716668,6,0.5462521314620972
W3154623413,30,0.6974627375602722
W3173813407,22,0.8824136853218079
W3174610716,1,0.594406247138977
W3182513543,22,0.8662638068199158
W3183299634,0,0.35404908657073975
W3185964855,25,0.4755244851112366
W3194799677,11,0.5645911693572998
W3199125328,0,0.5048539042472839
W3199266439,7,0.8913830518722534
W3199311694,0,0.47405537962913513
W3199319607,5,0.5307180881500244
W3199786832,35,0.34878242015838623
W3199842824,9,0.4318423569202423
W3199916958,8,0.4045368432998657
W3199924602,14,0.6848993897438049
W3200036129,29,0.4039762020111084
W3200132627,2,0.27169671654701233
W3200297433,7,0.6965144872665405
W3200334949,16,0.5544577240943909
W3200546409,5,0.6562225222587585
W3200660415,0,0.5799149870872498
W3200896269,19,0.7868449091911316
W3205987068,44,0.5258029699325562
W3211579622,46,0.7037226557731628
W3211913869,7,0.40199652314186096
W3213221169,7,0.6662585735321045
W3213652096,7,0.3622480034828186
W3214278109,16,0.45830243825912476
W4200480597,45,0.5146923065185547
W4205707270,4,0.6469230651855469
W4205883349,1,0.505017101764679
W4205910169,0,0.6987566947937012
W4206556998,18,0.6441546082496643
W4207051394,2,0.7184721231460571
W4214693772,31,0.8094320893287659
W4223496324,21,0.713641881942749
W4224868083,2,0.772951066493988
W4225154649,43,0.33606937527656555
W4225286997,3,0.6369536519050598
W4235762531,2,0.4802354872226715
W4281669706,44,0.5171224474906921
W4281670811,37,0.38674673438072205
W4281744049,27,0.657278299331665
W4283163677,24,0.5585604906082153
W4285045143,31,0.7133958339691162
W4285071776,35,0.7099897265434265
W4285322721,3,0.5846286416053772
W4291178975,2,0.7300477027893066
W4291392888,3,0.6707916259765625
W4292964871,21,0.7291003465652466
W4293169070,0,0.5360414981842041
W4294187916,22,0.7853008508682251
W4294187957,39,0.786399781703949
W4295123541,21,0.629184901714325
W4295297541,22,0.8164364695549011
W4295338113,4,0.7028656005859375
W4296713969,39,0.8730536103248596
W4312154904,6,0.7391989231109619
W4312618825,0,0.6277617812156677
W4312656552,45,0.493117094039917
W4312669879,16,0.31952762603759766
W4313592324,5,0.0946042463183403
W4313681423,0,0.2991005778312683
W4319953710,35,0.7738553285598755
W4320025887,0,0.6261824369430542
W4320727717,12,0.3539600074291229
W4321018829,4,0.7673220038414001
W4324091098,21,0.5347515344619751
W4327890556,4,0.6418527364730835
W4360586542,4,0.756355881690979
W4362710702,4,0.714850902557373
W4380083807,8,0.3919732868671417
W4385190558,0,0.6537960767745972
W4385213631,11,0.5339038372039795
W4385496343,35,0.5338093042373657
W4385636594,37,0.3262443542480469
W4386000926,31,0.5474317073822021
W4386846486,37,0.6690260171890259
W4387061466,13,0.6458321213722229
W4387386822,3,0.6310645341873169
W4388001683,8,0.25616827607154846
W4388025992,42,0.5662375688552856
W4388848702,0,0.5655593872070312
W4389580973,4,0.8069378733634949
W4389615139,10,0.43048617243766785
W4389617125,26,0.350037157535553
W4389625650,10,0.6759356260299683
W4389639153,21,0.6678615212440491
W4390279411,0,0.5986695289611816
W4398142941,4,0.20500054955482483
W4398212550,4,0.7561556100845337
W4401373324,43,0.8423436284065247
W3126587286,31,0.6193023324012756
W2149994558,23,0.6496084928512573
W2108572327,23,0.6174886226654053
W2058651173,28,0.19415618479251862
W4400836185,14,0.7348061203956604
W4288690019,31,0.2825165092945099
W4297982378,24,0.6396616101264954
W2896394903,43,0.885718822479248
W2979105539,20,0.6066484451293945
W4308588861,12,0.4470604360103607
W4321250367,14,0.5884231925010681
W4372284010,11,0.7796613574028015
W4387846071,21,0.6055868268013
W4388960576,35,0.48675134778022766
W1533344290,12,0.5644091367721558
W2362499528,32,0.4317797124385834
W2365963606,29,0.48852065205574036
W2373075560,24,0.4101797640323639
W2374087094,11,0.23077476024627686
W2380757258,23,0.4454784691333771
W2383870758,35,0.49117231369018555
W2391077357,3,0.43715524673461914
W4283766228,31,0.26844993233680725
W4385852487,11,0.12506142258644104
W4389781311,40,0.6926712393760681
W4393945422,32,0.6943103075027466
W4412396029,14,0.6624126434326172
W1502995782,18,0.12197078764438629
W1984435726,41,0.4437461197376251
W1997956580,3,0.3424282371997833
W2030518961,3,0.5074705481529236
W2032419638,5,0.3523828387260437
W2238461177,31,0.34132665395736694
W2244433040,10,0.4018561840057373
W2347234847,2,0.327928364276886
W2348376786,3,0.3725309669971466
W2348569345,9,0.25430476665496826
W2350199653,43,0.2243594080209732
W2351047321,3,0.6368984580039978
W2351093011,4,0.2521129250526428
W2351126356,1,0.35402804613113403
W2351278517,5,0.26157480478286743
W2351290865,26,0.2958908975124359
W2351540729,20,0.5732632279396057
W2352342249,1,0.36849725246429443
W2352522213,23,0.4515415132045746
W2352545256,0,0.48801273107528687
W2353061916,34,0.26136261224746704
W2353502028,6,0.3196318447589874
W2353561656,30,0.207841157913208
W2353818729,12,0.5108168721199036
W2353894650,15,0.2974121868610382
W2353944961,23,0.4395565092563629
W2354833123,37,0.4114055037498474
W2355152482,38,0.44841471314430237
W2355965641,29,0.27566272020339966
W2356132505,21,0.4908268451690674
W2356306321,23,0.5194335579872131
W2356539505,29,0.4917590022087097
W2357371361,23,0.3636382520198822
W2357372544,3,0.35526520013809204
W2357678823,23,0.39808255434036255
W2357836221,0,0.3774547576904297
W2358949965,0,0.38856950402259827
W2359087034,35,0.32007527351379395
W2359301999,1,0.29010096192359924
W2359846968,35,0.3779098093509674
W2359870859,24,0.4437124729156494
W2360207479,6,0.4144725203514099
W2360762263,4,0.290071576833725
W2360780799,5,0.47533857822418213
W2360783228,35,0.43839138746261597
W2361125923,29,0.5541431307792664
W2361420054,12,0.4708976149559021
W2361541678,21,0.5369625687599182
W2362133467,45,0.3727024793624878
W2362290456,38,0.5149514675140381
W2362721292,35,0.4124290645122528
W2363053999,3,0.46375593543052673
W2363104073,5,0.20938174426555634
W2363474016,40,0.2997962534427643
W2363823498,33,0.6203493475914001
W2364214456,35,0.4941306412220001
W2364537347,34,0.5686209797859192
W2364671974,2,0.3874507248401642
W2365184061,5,0.38092324137687683
W2365350622,44,0.5606381893157959
W2365569245,33,0.20396281778812408
W2366146598,12,0.5140420794487
W2366305170,37,0.45846983790397644
W2366916110,35,0.6086528301239014
W2367242519,1,0.3649396002292633
W2368006522,44,0.34444934129714966
W2368316205,14,0.5277465581893921
W2368521880,33,0.6878745555877686
W2368672273,1,0.47712501883506775
W2368714074,33,0.14506438374519348
W2369016698,9,0.4935894310474396
W2369050876,12,0.48404398560523987
W2369130993,1,0.3392398953437805
W2369550981,4,0.3680563271045685
W2370684273,4,0.3675213158130646
W2370806927,24,0.17876559495925903
W2370924989,7,0.26369741559028625
W2371154187,4,0.3062816262245178
W2371491675,0,0.361243337392807
W2371519688,7,0.36322158575057983
W2371775411,25,0.3210235834121704
W2372384861,34,0.3317191004753113
W2372529671,29,0.38512280583381653
W2372599374,3,0.4782368838787079
W2372696613,9,0.4516362249851227
W2373093024,5,0.5698262453079224
W2373182921,29,0.1374029517173767
W2373224424,24,0.4520016014575958
W2374382594,28,0.35561925172805786
W2374796501,29,0.3427862226963043
W2374836287,12,0.575531005859375
W2375384992,34,0.3567160665988922
W2375584394,8,0.3184705376625061
W2375632798,5,0.3754970133304596
W2375650764,1,0.5003264546394348
W2375758141,0,0.4076369106769562
W2376427686,42,0.33255431056022644
W2376515337,5,0.40404757857322693
W2376599625,0,0.36360424757003784
W2377113936,25,0.6019997596740723
W2377197450,0,0.22653767466545105
W2377433953,29,0.2552418112754822
W2377678417,0,0.4336962401866913
W2378117118,46,0.34646329283714294
W2378716490,33,0.23195403814315796
W2378909727,9,0.1638309210538864
W2379391670,0,0.5005996823310852
W2379459235,29,0.41461920738220215
W2379523506,21,0.36485555768013
W2379589344,30,0.1762116700410843
W2379718457,20,0.4054572284221649
W2379740815,29,0.305250346660614
W2379775804,29,0.320387065410614
W2379901454,8,0.3069010376930237
W2379962158,1,0.5009273886680603
W2380115358,33,0.6670356392860413
W2381000401,25,0.25591275095939636
W2381072848,5,0.41646385192871094
W2381164319,33,0.2681209146976471
W2381267597,45,0.5367077589035034
W2381599914,15,0.21871057152748108
W2381930509,35,0.488593727350235
W2381946078,35,0.6255959272384644
W2382443156,5,0.2661191523075104
W2383136295,35,0.2871149480342865
W2383400330,7,0.2609306573867798
W2383688341,35,0.3528883457183838
W2383847036,10,0.5720081925392151
W2383904373,40,0.524745523929596
W2384553641,3,0.48548388481140137
W2385207352,1,0.3730013072490692
W2385352013,5,0.2398877888917923
W2385808512,1,0.3333418071269989
W2386359715,21,0.3502163887023926
W2386507432,28,0.4649043083190918
W2386611280,5,0.4999162256717682
W2386619164,3,0.4766480326652527
W2386782160,10,0.47825196385383606
W2386878779,13,0.4188474118709564
W2387121626,3,0.3805319666862488
W2387220784,33,0.5860241055488586
W2388280979,27,0.5781295299530029
W2388389568,29,0.3195595443248749
W2388391649,3,0.48724284768104553
W2388532291,29,0.2734829783439636
W2389169406,17,0.6022377610206604
W2389242205,3,0.5117246508598328
W2389824223,28,0.28214001655578613
W2390554934,35,0.4624037742614746
W2391031955,33,0.7334763407707214
W2391062075,26,0.23909442126750946
W2391727592,5,0.22219760715961456
W2391953902,23,0.6083460450172424
W2392238013,32,0.4946235716342926
W2392419092,37,0.5236402153968811
W2393120572,14,0.4225712716579437
W2393254560,10,0.40835171937942505
W2393264722,9,0.25269466638565063
W2393327158,20,0.5419619679450989
W2394082996,0,0.3143960237503052
W2394116664,23,0.2562323808670044
W2394176052,37,0.7251163125038147
W2394290882,21,0.5277859568595886
W2496171072,20,0.4365733563899994
W2555561595,20,0.5501642227172852
W2556584035,20,0.6390896439552307
W2566290954,20,0.5437591671943665
W2592738442,20,0.5491423010826111
W2607391129,20,0.4474446773529053
W2677270484,28,0.5884221792221069
W2734557450,0,0.21957994997501373
W2753396771,16,0.3016771078109741
W2791648898,5,0.49913209676742554
W2811079848,2,0.4802354872226715
W2889093901,27,0.6273011565208435
W2891912056,17,0.6040245294570923
W2901855654,35,0.6672698855400085
W2906247978,17,0.5734891891479492
W2920977915,23,0.5532008409500122
W2921306927,20,0.588666558265686
W2921438491,20,0.5501818656921387
W2921662358,20,0.39275306463241577
W2921899614,20,0.5585694909095764
W2922328822,20,0.5438306331634521
W2952065493,23,0.49945178627967834
W2953848273,31,0.32231706380844116
W2965644806,2,0.7363359928131104
W2973001791,44,0.4394380748271942
W2977454665,5,0.4461662769317627
W2977816163,31,0.27707818150520325
W2978395531,36,0.3450469672679901
W2979119366,33,0.6298056244850159
W2983539862,21,0.5027402639389038
W2997366206,3,0.28910931944847107
W2997493078,1,0.454313188791275
W3004515227,30,0.6575329899787903
W3015003805,35,0.688450813293457
W3015242855,30,0.4101158380508423
W3024115407,0,0.4898456037044525
W3036995321,37,0.46797046065330505
W3041024626,13,0.5784222483634949
W3041450853,18,0.8264133930206299
W3045718937,24,0.35866639018058777
W3080396026,13,0.6328414678573608
W3082965775,0,0.2683752477169037
W3092615877,12,0.60625159740448
W3102849408,5,0.7371957302093506
W3108806183,3,0.6336982250213623
W3110171308,11,0.546177089214325
W3111377185,30,0.6925123929977417
W3117627346,8,0.7572122812271118
W3119112299,18,0.3691295385360718
W3119993405,2,0.6070855855941772
W3121710976,3,0.7159786224365234
W3126625127,17,0.5847336649894714
W3130719811,27,0.7294746041297913
W3134302764,0,0.7025008201599121
W3134348723,17,0.6330153942108154
W3135801482,0,0.7632185816764832
W3135971520,7,0.5412518978118896
W3136011744,15,0.4938565790653229
W3139123503,7,0.3827227056026459
W3143512231,21,0.6855990290641785
W3147969751,2,0.6132057309150696
W3148383904,2,0.6122920513153076
W3163768356,12,0.4279164969921112
W3164428607,1,0.48960456252098083
W3165018444,11,0.6946473121643066
W3168287854,25,0.5506118535995483
W3169452727,22,0.8963422179222107
W3169475755,22,0.8484638929367065
W3169793918,5,0.6296727657318115
W3171825034,13,0.5314785242080688
W3174731227,0,0.303663432598114
W3177081908,44,0.5308768153190613
W3178978547,0,0.5460326671600342
W3179712703,22,0.7898219227790833
W3182536591,22,0.885973334312439
W3182711012,22,0.8062195181846619
W3183376380,8,0.5885946750640869
W3191323881,5,0.5815508961677551
W3191655728,2,0.6137844324111938
W3193827873,29,0.5391392111778259
W3194974541,29,0.5403839945793152
W3196094549,44,0.5168150067329407
W3196533964,30,0.6140021085739136
W3196831637,25,0.49397969245910645
W3197931863,44,0.5711272954940796
W3198922805,5,0.8109330534934998
W3198928536,27,0.6126289963722229
W3199138090,33,0.41760048270225525
W3199181082,3,0.5480921268463135
W3199213114,7,0.5454379916191101
W3199235166,7,0.8037915825843811
W3199235329,35,0.310123085975647
W3199301772,35,0.714146077632904
W3199333285,7,0.8742054104804993
W3199357865,26,0.3624247610569
W3199422970,14,0.5338522791862488
W3199477842,7,0.8776738047599792
W3199544892,7,0.8350432515144348
W3199626612,5,0.5595027804374695
W3199796492,5,0.7917946577072144
W3199869368,28,0.4934588372707367
W3199887413,7,0.8253393173217773
W3199942263,5,0.6074544787406921
W3199970305,29,0.43101564049720764
W3200021621,5,0.7337824106216431
W3200024512,14,0.5109036564826965
W3200062521,5,0.753156840801239
W3200127562,29,0.41872909665107727
W3200200655,5,0.5697249174118042
W3200216791,9,0.3827541768550873
W3200248305,26,0.6513974070549011
W3200418864,7,0.8385569453239441
W3200457012,5,0.561408281326294
W3200534035,5,0.7600541710853577
W3200554915,28,0.47242051362991333
W3200603678,5,0.7071159482002258
W3200607378,5,0.7058587670326233
W3200608939,15,0.4420054256916046
W3200634103,41,0.570984423160553
W3200644041,5,0.6996999382972717
W3200711057,16,0.35760974884033203
W3200721992,1,0.49614062905311584
W3200731815,29,0.3032645285129547
W3200732705,7,0.860697865486145
W3200738788,5,0.5264326930046082
W3200854850,0,0.7444232106208801
W3200890767,31,0.3004193902015686
W3200891447,7,0.8654308319091797
W3201015711,14,0.6404753923416138
W3201066843,7,0.30816295742988586
W3201132481,5,0.797703742980957
W3201159070,21,0.5361493229866028
W3201165683,5,0.6642928123474121
W3201204358,10,0.6445183753967285
W3201236341,5,0.6296555995941162
W3201302514,8,0.7168737649917603
W3201464212,7,0.5341194868087769
W3201474368,34,0.4351574182510376
W3201553504,46,0.7008146047592163
W3201611349,5,0.632885217666626
W3201885838,17,0.5274240970611572
W3203494247,2,0.7022074460983276
W3204281564,30,0.5329779386520386
W3204380746,31,0.5186444520950317
W3204420088,29,0.6102728247642517
W3204989818,45,0.5717308521270752
W3205098776,8,0.3894900679588318
W3206854113,2,0.6103593707084656
W3207585979,25,0.6258643865585327
W3208435212,35,0.4913668632507324
W3208505995,27,0.2567908763885498
W3210429905,42,0.46941766142845154
W3211403101,26,0.3397252857685089
W3211590055,7,0.8755308389663696
W3211648135,29,0.36265164613723755
W3211671346,32,0.620218813419342
W3211696272,7,0.3667762577533722
W3211702712,12,0.6553618907928467
W3211878896,5,0.5309177041053772
W3212016922,8,0.25511419773101807
W3212083005,7,0.3432566225528717
W3212222020,7,0.8541775941848755
W3212303430,7,0.4035269320011139
W3212346744,8,0.3731328248977661
W3212358114,7,0.8357507586479187
W3212363074,12,0.6067561507225037
W3212381003,7,0.31644493341445923
W3212390407,7,0.5700492858886719
W3212392119,7,0.7876325249671936
W3212450826,32,0.6760175228118896
W3212916669,22,0.901428759098053
W3212946760,2,0.771235466003418
W3213111374,12,0.5454933047294617
W3213391624,33,0.644780695438385
W3213396050,33,0.533359706401825
W3213463186,46,0.6807317137718201
W3213578569,2,0.7081217169761658
W3213801758,41,0.6764954328536987
W3213821022,7,0.8806753158569336
W3213864256,12,0.5525217056274414
W3214010329,14,0.38031259179115295
W3214253959,33,0.6062694191932678
W3214396074,7,0.4502043128013611
W3214427605,7,0.8870503306388855
W3216102259,0,0.4462928771972656
W3216209305,2,0.6103593707084656
W4200002544,34,0.612539529800415
W4200023199,25,0.5765159130096436
W4200249466,5,0.43508675694465637
W4200572625,0,0.558880627155304
W4200600839,25,0.6955450177192688
W4205125477,25,0.5529818534851074
W4205301466,5,0.5070778727531433
W4205404143,0,0.6615022420883179
W4206414210,5,0.6732590794563293
W4206769389,0,0.5441417694091797
W4207055473,5,0.5300463438034058
W4207065025,32,0.28897935152053833
W4213035113,5,0.2868700921535492
W4213277821,22,0.8972813487052917
W4214758965,21,0.7241992950439453
W4220926051,8,0.7466828227043152
W4221098262,34,0.5535377860069275
W4224025824,2,0.7539012432098389
W4226229689,0,0.5891330242156982
W4226468964,17,0.4222013056278229
W4229530795,5,0.23720595240592957
W4232243370,0,0.2831733822822571
W4232741222,5,0.27977558970451355
W4233209977,0,0.4913315773010254
W4234747297,45,0.5717308521270752
W4236113390,8,0.7572122812271118
W4238437341,30,0.5329779386520386
W4243275109,24,0.5289705395698547
W4243499502,5,0.2741076946258545
W4256296284,31,0.25137048959732056
W4256537277,5,0.25605717301368713
W4281492481,22,0.8361795544624329
W4281786168,3,0.4995761811733246
W4281817358,10,0.614392876625061
W4282942155,33,0.23800128698349
W4283206317,29,0.326254278421402
W4283512790,29,0.326254278421402
W4283517724,8,0.7466828227043152
W4283581586,4,0.32660943269729614
W4283741100,39,0.6626825928688049
W4283748022,2,0.7140569686889648
W4283754261,22,0.6157615184783936
W4283765845,22,0.8366424441337585
W4283824100,22,0.7884591221809387
W4283832348,22,0.8043307662010193
W4285066667,5,0.4492546617984772
W4285096827,34,0.4961853325366974
W4285191318,42,0.5441718697547913
W4285347500,16,0.5890308022499084
W4285832125,0,0.4055769443511963
W4286001748,0,0.5314238667488098
W4286432852,22,0.5731454491615295
W4286432908,39,0.8825935125350952
W4286432912,22,0.732639729976654
W4286432916,39,0.8290920257568359
W4286432921,22,0.7972822189331055
W4286432923,39,0.8389167785644531
W4286432932,39,0.7791147232055664
W4286432936,39,0.9047261476516724
W4286432938,39,0.47295454144477844
W4286432944,22,0.7918097972869873
W4286432946,22,0.6732958555221558
W4286432954,39,0.8265568017959595
W4286432961,22,0.7279746532440186
W4286434107,4,0.6850160956382751
W4286493883,2,0.7439832091331482
W4286929179,21,0.727966845035553
W4287266429,0,0.6409453749656677
W4287640994,5,0.29039326310157776
W4287824222,45,0.509130597114563
W4289878592,43,0.826344907283783
W4292373742,39,0.8281102776527405
W4292430115,11,0.5720496773719788
W4292485446,25,0.5117003321647644
W4294187923,39,0.7408756017684937
W4294187926,39,0.8505859971046448
W4294187927,39,0.7927570939064026
W4294187944,22,0.8638006448745728
W4294187950,39,0.7938505411148071
W4294187955,39,0.8196111917495728
W4294187962,22,0.863580048084259
W4294265846,22,0.8676012754440308
W4294366785,22,0.7055050730705261
W4294368224,0,0.682537853717804
W4294867768,22,0.8352574706077576
W4295932126,2,0.7150793671607971
W4296564751,24,0.6482690572738647
W4296598416,32,0.6867051124572754
W4296709077,39,0.7922720909118652
W4296712376,22,0.8274832963943481
W4296713779,39,0.8315872550010681
W4301394493,18,0.8401428461074829
W4302847498,20,0.4892183244228363
W4304084373,22,0.9014815092086792
W4304084384,22,0.7984384298324585
W4307521070,32,0.41636133193969727
W4307968637,1,0.4310673177242279
W4308684493,1,0.30886873602867126
W4312073669,19,0.2590760290622711
W4312199594,27,0.2567908763885498
W4312310395,18,0.22722521424293518
W4312600534,29,0.29402944445610046
W4312634760,2,0.2799454629421234
W4312679249,4,0.6629502773284912
W4312835598,7,0.8863334655761719
W4312866422,7,0.8181362152099609
W4312910875,7,0.5176893472671509
W4313148375,13,0.5231170058250427
W4313289507,8,0.40519654750823975
W4313456478,23,0.3229617476463318
W4316589740,10,0.5929046869277954
W4317208165,10,0.5212353467941284
W4319597735,25,0.6431435346603394
W4319603301,4,0.7307760119438171
W4321159612,41,0.6352754235267639
W4321251685,41,0.6352754235267639
W4323029777,18,0.7632651329040527
W4323269635,5,0.6593274474143982
W4323341266,4,0.7588843107223511
W4327890777,4,0.6257614493370056
W4360801681,0,0.5485886335372925
W4361000564,4,0.8039286136627197
W4361801984,29,0.3947279751300812
W4362517101,21,0.7122448086738586
W4362581165,9,0.2457367330789566
W4362650575,21,0.6255255937576294
W4362710830,4,0.7571327686309814
W4364359960,0,0.5686100721359253
W4366448654,26,0.23721341788768768
W4366588309,14,0.5614148378372192
W4367024167,31,0.7809532284736633
W4367366146,11,0.749774694442749
W4375939788,4,0.4986580014228821
W4375957567,11,0.7506759166717529
W4376127836,28,0.4110977351665497
W4376566290,3,0.5958182215690613
W4376638002,21,0.7503132224082947
W4376891951,11,0.41923823952674866
W4378983058,28,0.5430524349212646
W4379231704,4,0.7937579154968262
W4379514722,10,0.6510465741157532
W4380417077,0,0.5333395600318909
W4380629569,10,0.5582618117332458
W4380886044,0,0.5333395600318909
W4381195669,5,0.47506946325302124
W4381234360,14,0.5119941830635071
W4381250003,4,0.6786903142929077
W4381250021,4,0.7414097785949707
W4381436947,1,0.49215829372406006
W4381546781,32,0.6645841002464294
W4381683241,20,0.42201101779937744
W4382813560,35,0.7946191430091858
W4382985010,5,0.5774890184402466
W4383875588,14,0.5715372562408447
W4384818111,26,0.5751018524169922
W4385235017,21,0.7499630451202393
W4385265498,3,0.4925713837146759
W4385369625,29,0.5774400234222412
W4385372578,13,0.7052794694900513
W4385440069,18,0.9331469535827637
W4385443788,45,0.8685023784637451
W4385845285,25,0.5607344508171082
W4385961554,44,0.549487829208374
W4386009983,18,0.8969393968582153
W4386060718,24,0.612546980381012
W4386082118,5,0.33216726779937744
W4386082131,5,0.43171724677085876
W4386098607,5,0.33216726779937744
W4386251985,18,0.9286173582077026
W4386290236,9,0.6835362315177917
W4386536502,5,0.42927679419517517
W4386547305,2,0.6329895853996277
W4386560822,5,0.4202364385128021
W4386616621,6,0.5601040124893188
W4386851484,44,0.5397804379463196
W4386932733,25,0.8193007707595825
W4386939450,8,0.5560495853424072
W4387028138,16,0.34282439947128296
W4387071130,30,0.8507314920425415
W4387103468,9,0.7254295945167542
W4387116947,43,0.8507375121116638
W4387124706,23,0.4387754201889038
W4387315342,27,0.692773163318634
W4387390226,11,0.5170899629592896
W4387566111,41,0.5998734831809998
W4387586125,11,0.5521826148033142
W4387938158,5,0.5981306433677673
W4388223981,8,0.26302799582481384
W4388309641,18,0.9350865483283997
W4388405219,16,0.4757196605205536
W4388504134,10,0.620765209197998
W4388998466,3,0.47578853368759155
W4389083570,5,0.5507761240005493
W4389150287,21,0.5538233518600464
W4389689650,31,0.6825169324874878
W4390055640,45,0.5027015805244446
W4390547547,12,0.5276726484298706
W4390598605,15,0.6418570280075073
W4390639711,44,0.43268924951553345
W4390717671,3,0.6189173460006714
W4390755420,0,0.7324835658073425
W4390883270,5,0.5223052501678467
W4390890223,5,0.5932542681694031
W4391185418,5,0.5851453542709351
W4391186569,13,0.6661750674247742
W4391445568,39,0.6664397120475769
W4391826672,0,0.44810470938682556
W4392346811,39,0.4412762522697449
W4392709346,14,0.4958169460296631
W4392709529,32,0.7128042578697205
W4392810746,4,0.692342221736908
W4392949586,46,0.2698887884616852
W4392985494,0,0.20761391520500183
W4393066106,2,0.26957982778549194
W4393336473,9,0.5724179744720459
W4393384981,25,0.47338178753852844
W4393746121,21,0.729167103767395
W4393804002,21,0.729167103767395
W4394784474,31,0.5211516618728638
W4394998404,0,0.6012601852416992
W4395449962,26,0.44335126876831055
W4396619621,29,0.7441146373748779
W4396628329,29,0.5354481339454651
W4396664305,13,0.7880595922470093
W4396700771,27,0.48053354024887085
W4396875764,28,0.2866896986961365
W4397009991,37,0.5622519254684448
W4398228557,13,0.6016890406608582
W4398789713,4,0.6810501217842102
W4399013222,0,0.444920152425766
W4399751774,18,0.9012349843978882
W4399763896,35,0.696593165397644
W4399982943,13,0.5054683089256287
W4400130420,10,0.7419294714927673
W4400259404,13,0.5810727477073669
W4400346316,37,0.7045456767082214
W4400389534,5,0.4991163909435272
W4400420277,31,0.554175853729248
W4400574861,20,0.5205740928649902
W4400733488,41,0.7243357300758362
W4400889849,18,0.8447797298431396
W4400934330,28,0.3310113549232483
W4400937770,21,0.7226794958114624
W4401179614,27,0.5956118702888489
W4401275036,24,0.637935996055603
W4401470304,0,0.6739087104797363
W4401517445,5,0.7543535828590393
W4401550576,0,0.6102258563041687
W4401617376,0,0.7656030058860779
W4401831013,8,0.3917785584926605
W4401948907,14,0.7794354557991028
W4401959784,5,0.6678529977798462
W4401960308,4,0.7547969818115234
W4402043000,5,0.5993285775184631
W4402129400,10,0.5235432386398315
W4402533417,5,0.23193582892417908
W4402557116,13,0.6452615857124329
W4402847072,5,0.5201536417007446
W4402876258,8,0.2715645432472229
W4402894282,5,0.7543535828590393
W4403071246,30,0.8507314920425415
W4403134195,5,0.47448182106018066
W4403155959,9,0.7669999599456787
W4403457169,10,0.6565149426460266
W4404044791,5,0.47078055143356323
W4404174159,1,0.3767155110836029
W4404367010,9,0.3930981755256653
W4404419098,40,0.8336113691329956
W4404837890,45,0.4364951252937317
W4405130076,0,0.6673285961151123
W4405135580,12,0.65771484375
W4405335093,21,0.6459285020828247
W4405378921,7,0.4938282370567322
W4405387853,24,0.6128600239753723
W4405483602,34,0.38941022753715515
W4405592947,5,0.54831463098526
W4405757553,23,0.4942711293697357
W4405945941,15,0.6344860196113586
W4405957313,3,0.5848100185394287
W4405992004,5,0.7512416839599609
W4406110549,1,0.365666002035141
W4406734969,26,0.5087426900863647
W4406848700,0,0.6076989769935608
W4406970545,9,0.7815275192260742
W4407060664,9,0.6422731876373291
W4407130410,15,0.33908024430274963
W4407159495,18,0.6263777613639832
W4407370804,0,0.4513431787490845
W4407436069,45,0.6059152483940125
W4407561213,34,0.607772171497345
W4407670121,40,0.48285821080207825
W4407899193,0,0.5929434299468994
W4407908882,35,0.5197829604148865
W4408000429,1,0.5209628939628601
W4408028742,25,0.4484141170978546
W4408040591,27,0.6833316087722778
W4408078575,0,0.48035839200019836
W4408078682,0,0.7475697994232178
W4408200799,2,0.8262982368469238
W4408235709,6,0.33626386523246765
W4408465787,0,0.3495607376098633
W4408719264,38,0.460293710231781
W4408722193,1,0.5774315595626831
W4408940629,30,0.7710127234458923
W4408960506,0,0.5227672457695007
W4409008032,5,0.515383780002594
W4409269297,5,0.3948362469673157
W4409293757,25,0.528910219669342
W4409377644,18,0.8853691220283508
W4409462844,14,0.5396668314933777
W4409518500,0,0.6954876780509949
W4409675529,46,0.6073755621910095
W4409823968,0,0.6807771325111389
W4409858212,11,0.7321799993515015
W4410061102,18,0.46274393796920776
W4410070026,18,0.8613295555114746
W4410070105,18,0.9033493995666504
W4410228195,2,0.2635495960712433
W4410256716,9,0.6382200717926025
W4410344643,11,0.7735068202018738
W4410442100,4,0.7733534574508667
W4410512910,0,0.5959200859069824
W4410512922,25,0.6302607655525208
W4410512946,0,0.6580545902252197
W4410810274,2,0.6917580366134644
W4410810312,2,0.604986846446991
W4410810484,8,0.4877606928348541
W4410853424,17,0.8114100098609924
W4410853430,13,0.6083905100822449
W4410853904,13,0.7919318675994873
W4410854975,17,0.6755927801132202
W4410856514,6,0.6652446985244751
W4410891208,37,0.4749825596809387
W4410974180,34,0.7217508554458618
W4411160005,31,0.37985292077064514
W4411207447,19,0.655350387096405
W4411212850,27,0.6713125705718994
W4411249372,5,0.5194572806358337
W4411289136,18,0.8671423196792603
W4411326098,40,0.6898917555809021
W4411384542,16,0.5602139830589294
W4411413958,42,0.3314635753631592
W4411441940,15,0.6904679536819458
W4411469856,9,0.6828847527503967
W4411567740,1,0.4189307689666748
W4411626102,10,0.6204943656921387
W4411689146,26,0.40513381361961365
W4411707776,27,0.7032816410064697
W4411777799,34,0.5329870581626892
W4411828010,18,0.8867902755737305
W4411880963,27,0.7752004265785217
W4412003814,7,0.3717103600502014
W4412083350,8,0.38158515095710754
W4412161992,21,0.5399837493896484
W4412189097,3,0.42982250452041626
W4412404272,2,0.5109050869941711
W4412569248,18,0.9392140507698059
W4412581388,4,0.6997932195663452
W4412583333,4,0.7140073180198669
W4412834641,1,0.415467232465744
W4412944887,4,0.5245696902275085
W4412977942,16,0.6012337803840637
W4413106375,20,0.4726511538028717
W4413182358,1,0.5761299133300781
W4413265398,1,0.5342637896537781
W4413373431,18,0.8851198554039001
W4413380470,18,0.7789056897163391
W4413730202,27,0.716117262840271
W4413844613,13,0.6309353709220886
W4413957744,27,0.61544269323349
W4413958021,0,0.4636691212654114
W4414020827,12,0.6524327397346497
W4414023483,10,0.5053591728210449
W4414053701,9,0.5993295907974243
W4414060981,0,0.2299799621105194
W4414115402,24,0.6618583798408508
W4414170274,27,0.5101773142814636
W4414206059,40,0.315822958946228
W4414206818,4,0.367351770401001
W4414218848,5,0.5498827695846558
W4414218884,5,0.5674870610237122
W4414227725,26,0.6397772431373596
W4414417404,24,0.32782241702079773
W4414595727,6,0.2888020873069763
W4414701392,15,0.5251860022544861
W4414708112,20,0.7011831998825073
W4414753857,31,0.6023770570755005
W4414761507,37,0.31231096386909485
W4414786344,37,0.282426118850708
W4414883085,14,0.5735733509063721
W4414920857,1,0.5772206783294678
W4415054842,0,0.7112650275230408
W4415093469,38,0.5819494724273682
W4415163764,9,0.23075498640537262
W4415170399,6,0.7236030697822571
W4415196659,46,0.605373203754425
W4415350151,6,0.5657243728637695
W4415374457,15,0.5533477663993835
W4415383964,3,0.4589783847332001
W4415458934,44,0.4569627642631531
W4415653025,13,0.5841904878616333
W4415675047,44,0.7510707974433899
W4415714390,13,0.7528473734855652
W4415809553,3,0.6647022366523743
W4415927132,34,0.611112117767334
W4415950711,0,0.4408610463142395
W4416174863,38,0.41962990164756775
W4416208916,34,0.7589740753173828
W4416239940,16,0.3591689169406891
W4416367685,2,0.5376909971237183
W4416426658,16,0.7107258439064026
W4416440837,28,0.6439177393913269
W4416570357,31,0.410134881734848
W4416734647,6,0.5566613674163818
W4416770216,15,0.5756537318229675
W4416777431,29,0.7315630912780762
W4416780613,5,0.5466380715370178
W4416791975,36,0.7730952501296997
W4416900077,36,0.758967936038971
W4416953893,18,0.8761122822761536
W4416992823,33,0.31482765078544617
W4416994986,18,0.8077197670936584
W4417007013,21,0.711903989315033
W4417051617,26,0.5616396069526672
W4417052346,2,0.5155995488166809
W4417052514,2,0.5420840382575989
W4417058714,16,0.790968120098114
W4417064001,9,0.7007178664207458
W4417088395,6,0.6443169713020325
W4417115218,14,0.38662001490592957
W4417268735,6,0.4295657277107239
W4417297452,1,0.4961124062538147
W4417319514,6,0.5813847184181213
W4417421887,1,0.6591055393218994
W4417423760,27,0.2567908763885498
W4417499288,35,0.7471808195114136
W4417529920,12,0.7337417602539062
W7104585896,43,0.47301873564720154
W7105702010,25,0.3674122095108032
W7108322544,14,0.5027084946632385
W7108328204,14,0.5027084946632385
W7114984711,16,0.5327121615409851
W7115014505,16,0.5327121615409851
W7116293547,0,0.4171942174434662
W7116340925,36,0.6894035339355469
W7116711994,11,0.2373756617307663
W7116876344,13,0.7665601372718811
W7117322308,9,0.6346825957298279
W7117361510,19,0.6667855978012085
W7117457649,24,0.5643409490585327
W7117479710,15,0.6999537348747253
W7117648682,19,0.774398684501648
W7117660946,12,0.586856484413147
W7117773889,32,0.3449593484401703
W7117874750,42,0.743510365486145
W3199183631,0,0.6488732695579529
W4210893619,42,0.39698365330696106
W4387121758,19,0.667809247970581
W4391474950,1,0.5238382816314697
W4406489951,1,0.6035723090171814
W4283838068,6,0.7210915684700012
W4319794083,15,0.643495500087738
W3199396396,3,0.5774515867233276
W3131063929,14,0.36009883880615234
W4285266850,2,0.7333213090896606
W4383889516,29,0.3839450478553772
W4281751722,6,0.4877394735813141
W4282555645,42,0.4888388514518738
W4386982640,44,0.7602030634880066
W4387958850,3,0.5767013430595398
W3007337991,7,0.8627568483352661
W3195732444,4,0.763559103012085
W4210483046,33,0.5170397162437439
W4390939342,6,0.4213576316833496
W4292649377,4,0.5967634916305542
W4309873978,38,0.827693521976471
W4323866303,1,0.5600064396858215
W4386925533,38,0.7841868996620178
W4391645226,38,0.7646604180335999
W4402124965,15,0.572184681892395
W4214533025,10,0.6875364184379578
W4381988114,1,0.3640221953392029
W4390502111,36,0.5705941319465637
W4411395085,10,0.5408703088760376
W4361215744,29,0.6841686964035034
W4387967326,24,0.5973232388496399
W4391448534,1,0.45389705896377563
W3184444435,31,0.4370165169239044
W4205438146,2,0.7617497444152832
W4318762606,1,0.6026727557182312
W4392795430,15,0.6340655088424683
W4401099348,6,0.4269183874130249
W4313396687,2,0.6607356667518616
W4313568168,8,0.4894810914993286
W4391926108,15,0.5579128861427307
W4399628261,26,0.7104499936103821
W4399947613,0,0.7414238452911377
W4391854472,38,0.44059300422668457
W3169186654,13,0.5025166869163513
W4284963908,7,0.43533429503440857
W4317914312,3,0.5277321934700012
W4321482630,6,0.6856411099433899
W4385400337,44,0.6904836297035217
W4393004179,13,0.6787316799163818
W4399072097,26,0.6213486790657043
W4406960022,41,0.42965060472488403
W4360620773,29,0.7276712656021118
W4401225747,46,0.6453936696052551
W3197526874,1,0.45162433385849
W4281285699,42,0.7162477970123291
W4384826006,27,0.6233546733856201
W4389738902,27,0.6283414959907532
W4393932362,16,0.4979062080383301
W4220945563,8,0.5383083820343018
W4283390991,6,0.46437007188796997
W4386889388,1,0.5842373967170715
W4387909652,1,0.5770776867866516
W4396680807,2,0.6731371283531189
W4401892575,27,0.5349007844924927
W4313326743,29,0.7724215984344482
W4386326832,1,0.6012117266654968
W4393318354,21,0.6025780439376831
W4402172457,38,0.5240228772163391
W4403557575,44,0.7139710783958435
W4223646708,13,0.5596427321434021
W4379793938,41,0.7019916772842407
W4387770997,10,0.5934963822364807
W4387810629,35,0.3849794864654541
W4392431566,1,0.4946647882461548
W4402696133,15,0.7227115631103516
W4390501728,12,0.531566321849823
W4387842287,19,0.7687671184539795
W4398250626,40,0.7256290316581726
W3034501957,3,0.6387825012207031
W4390598901,30,0.7316069602966309
W4404051530,12,0.43447861075401306
W4387614886,30,0.6092706322669983
W4391319779,3,0.5576390027999878
W4396895702,6,0.7267109751701355
W4400887136,38,0.591012716293335
W4405012377,0,0.6648882627487183
W4407757245,38,0.8070622682571411
W7118163415,20,0.6907619833946228
W7118767696,5,0.7352361083030701
W7118869195,9,0.5885018706321716
W7119357954,30,0.7232388257980347
W7119522653,26,0.51341712474823
W7119532240,14,0.7483874559402466
W7119692187,0,0.6561200022697449
W7119881577,3,0.5449594855308533
W7123357215,6,0.5962355136871338
W7124221689,12,0.5878530740737915
W7124505868,6,0.7582336664199829
W7125485054,9,0.575237512588501
W7125778505,4,0.4090961813926697
W7125798761,1,0.4420681297779083
W7125944245,18,0.8522162437438965
W7125983273,3,0.6010863780975342
W7126022358,21,0.46527189016342163
W7126031294,0,0.41657835245132446
W7126085536,2,0.14514349400997162
W7126088191,21,0.46527189016342163
W7126107906,16,0.3540573716163635
W7126151423,35,0.6560271382331848
W7126182670,6,0.46642234921455383
W7126391955,0,0.6602917313575745
W7126404938,0,0.6602917313575745
W7127274448,2,0.4716132581233978
W7127284528,7,0.24942952394485474
W7127288345,8,0.5823206305503845
W7127316044,16,0.5937553644180298
W7127339318,2,0.33395057916641235
W7127339740,2,0.7291266322135925
W7127343450,2,0.3168686628341675
W7127345430,2,0.6924957036972046
W7127352289,2,0.7818470597267151
W7127369706,41,0.7093685269355774
W7127372804,16,0.45765095949172974
W7127377801,16,0.6071023941040039
W7127404728,2,0.35935136675834656
W7127411886,2,0.4456084966659546
W7127415324,2,0.3996811509132385
W7127417295,15,0.5298134684562683
W7127423013,2,0.44005465507507324
W7127432421,2,0.6947543025016785
W7127436591,2,0.6412072777748108
W7127441308,36,0.5074021816253662
W7127632959,6,0.637963056564331
W7127955044,8,0.3222105801105499
W7127959413,37,0.39390280842781067
W7128391453,20,0.47184786200523376
W7128404636,4,0.634507954120636
W7128533831,18,0.8729872703552246
W7128534635,0,0.700093686580658
W7128925053,20,0.3422328531742096
W7129078239,9,0.711943507194519
W7129553087,6,0.659331202507019
W7129778683,4,0.46779268980026245
W7130418290,6,0.6771172881126404
W7130506610,13,0.42860326170921326
W7130515890,4,0.49536460638046265
W7131109455,13,0.6092156171798706
W7131416904,20,0.713127851486206
W7131662221,12,0.5537775158882141
W7131672289,16,0.6603648066520691
W7131786424,36,0.7494255304336548
W7133226126,36,0.7076138854026794
W7133243872,20,0.7605571150779724
W7133946363,26,0.6664191484451294
W7133975914,40,0.6161754131317139
W7134045706,33,0.789731502532959
W7134116251,9,0.6707597374916077
W7134165910,10,0.4997933804988861
W7134186300,27,0.6939861178398132
W7134190072,6,0.685799241065979
W7134201769,32,0.4980301260948181
W7134900106,43,0.8597171902656555
W7134947698,18,0.898120105266571
W7135034164,13,0.5812003016471863
W7135071235,18,0.9377853870391846
W7135509405,11,0.25608447194099426
W7136207794,28,0.44073015451431274
W7136346916,1,0.3304104208946228
W7136710832,15,0.563838005065918
W7137152070,0,0.3937598466873169
W7137867611,40,0.6274482011795044
W7137929809,34,0.6206429600715637
W7138163378,20,0.7487386465072632
W7138255861,0,0.5677420496940613
W7138309880,19,0.6097480654716492
W7138412182,0,0.5677420496940613
W7138450076,40,0.6274482011795044
W7138834802,20,0.7285844683647156
W7138847349,6,0.7281926870346069
W7138924488,18,0.9275088906288147
W7138924495,0,0.497490257024765
W7138925389,0,0.5614149570465088
W7138961853,16,0.6216376423835754
W7139012749,4,0.7468084692955017
W7139037461,20,0.64679354429245
W7139959509,11,0.6499330997467041
W7140080270,20,0.6649984121322632
W7140195147,26,0.5627891421318054
W7140412201,13,0.6884353160858154
W7142477247,36,0.36808910965919495
W7142890397,18,0.6876915097236633
W7143055600,18,0.9449507594108582
W7143830774,27,0.6599742770195007
W7147035534,5,0.6016708612442017
W7147213615,6,0.505789577960968
W7147295963,18,0.8784754872322083
W7147563121,1,0.6324790120124817
W7147579779,18,0.9020240902900696
W7147608128,18,0.9085180163383484
W7148529802,6,0.47994768619537354
W7150069323,20,0.7056317329406738
W7150709534,0,0.674060583114624
W7150767546,0,0.6757520437240601
W7150978766,0,0.674060583114624
W7151601401,24,0.4271756112575531
W7151754142,37,0.4362763464450836
W7152089371,14,0.6329348683357239
W7152500130,2,0.6287059783935547
W7152541672,37,0.5664624571800232
W7152690254,17,0.7564167380332947
W7153243958,31,0.6616389155387878
W7153560386,0,0.6571636199951172
W7154467160,46,0.6696675419807434
W7154494603,23,0.3968532681465149
W7154587972,0,0.5474454760551453
W7154646527,29,0.35299572348594666
W7154937830,28,0.2756898105144501
W7154951097,3,0.6641212701797485
W7155199095,13,0.6796600222587585
W7155200584,13,0.5852895975112915
W7155203564,15,0.7114401459693909
W7155452256,2,0.24427753686904907
W7155517813,18,0.9054917097091675
W7155558618,20,0.6911044120788574
W7155627074,0,0.7336512207984924
W7155917193,11,0.7732199430465698
W7157065387,18,0.8944782018661499
W7157165965,18,0.8900003433227539
W7159099806,40,0.6944862008094788
W7159982177,3,0.3711538016796112
W7159983385,1,0.5809841752052307
W7160027482,9,0.24954251945018768
W7160032096,20,0.5113373398780823
W7160136628,20,0.5113373398780823
W7160165418,13,0.7448228597640991
W7160174753,0,0.6709610819816589
W7160186769,11,0.2076781541109085
W7160251502,16,0.7232437133789062
W7160290327,37,0.4361021816730499
W7160374639,6,0.6523228287696838
W7160384513,42,0.6641139984130859
W7160446495,41,0.567348062992096
W7160527559,45,0.5105706453323364
W7160625615,3,0.5768083333969116
W7160640994,3,0.5768083333969116
W7160652072,6,0.21464155614376068
W7160763491,14,0.5695735216140747
W7160768306,14,0.4938611388206482
W7160784496,19,0.4763506054878235
W7160839850,45,0.8659132719039917
W7160841569,45,0.8659132719039917
W7160940118,3,0.681094229221344
W7160949195,27,0.6904544234275818
W7160982211,28,0.4772336781024933
W7161066054,15,0.7005510926246643
W7161111376,1,0.5662757754325867
W7161289029,26,0.5899806618690491
W7161302210,1,0.6037463545799255
W7161307330,9,0.6206993460655212
W7161388772,32,0.5384947061538696
W7161399871,18,0.8732209205627441
W7161414526,32,0.5384947061538696
W7161536198,45,0.8659132719039917
W7161558438,6,0.6013215184211731
W7161583557,45,0.8659132719039917
W7161594234,1,0.5539121627807617
W7161788978,16,0.6373562216758728
W7161797802,5,0.4560314118862152
W7161842826,6,0.6248660683631897
W7161844670,16,0.700347363948822
W7161973959,4,0.6424526572227478
W7162127376,28,0.6067943572998047
W7162215912,9,0.6741845607757568
W7162243861,0,0.7525589466094971
W7162303146,30,0.7072650194168091
W7162318469,11,0.17453958094120026
W7162326146,45,0.40321022272109985
W7162334731,6,0.5159929990768433
W7162404973,27,0.6369860172271729
W7162411051,37,0.6389601230621338
W7162419195,18,0.8775376677513123
W7162426908,1,0.44869011640548706
W7162442689,6,0.5587618947029114
W7162451130,33,0.7236319780349731
W7162452091,13,0.7840052843093872
W7162538134,15,0.5054892301559448
W7162561748,36,0.7489067316055298
W7162805338,6,0.347060889005661
W7162814210,15,0.3640572726726532
W7162859516,14,0.48735082149505615
W7162863543,14,0.48735082149505615
W7162875868,0,0.5263116955757141
W7162938210,31,0.5969039797782898
W7163065831,1,0.6511707901954651
W7163067228,31,0.49234601855278015
W7163367857,4,0.6296213269233704
W7163549597,1,0.5316269397735596
W7163582689,28,0.49434545636177063
W7163654284,13,0.573297381401062
W7163660649,6,0.6775978207588196
W7163735877,17,0.7886959314346313
W7163742943,3,0.6005405187606812
W7163752815,0,0.6227522492408752
W7163867813,0,0.6134240031242371
W7163886815,6,0.5418995022773743
W7163942238,46,0.758351743221283
W7163995216,45,0.6563282012939453
W7164001604,19,0.6369305849075317
W7164045742,6,0.4868796467781067
W7164178285,0,0.48741593956947327
W7164518188,19,0.6230388283729553
W7164823619,0,0.6387401223182678
W7164884701,1,0.42548277974128723
W7164917283,1,0.5576930642127991
W7164931366,19,0.6749109625816345
W7164944821,23,0.4835169017314911
W7165114816,16,0.5861762166023254
W7165175586,18,0.8062039613723755
W7165199016,12,0.7121285200119019
W7165377796,26,0.367767870426178
W7165570983,23,0.4252728521823883
W7165623399,14,0.6705746054649353
W7166003581,3,0.6237542629241943
W7166028472,16,0.5257046222686768
W7166029693,16,0.5257046222686768
W7166030371,16,0.4278939366340637
W7166054839,16,0.5806311368942261
W7166095928,16,0.4278939366340637
W7166138059,6,0.7601848840713501
W4411069142,1,0.6835490465164185
W4401467334,38,0.6415591835975647
W4409606618,13,0.742377519607544
W4411867038,2,0.5155101418495178
W4412389639,33,0.7587811350822449
W4402693339,0,0.5581122636795044
W4405012386,0,0.5946462154388428
W4409644508,26,0.7068812847137451
W4388942254,33,0.6557525992393494
W4404837469,19,0.7457557916641235
W4382937971,45,0.531849205493927
W4406874864,40,0.40685853362083435
W4406881240,40,0.5365418195724487
W4401351881,1,0.6878262162208557
W4401684825,13,0.7094408869743347
W4402596390,6,0.4480965733528137
W4411379455,9,0.6333221793174744
W4393854948,27,0.6935042142868042
W4394886436,6,0.47085994482040405
W4399490801,1,0.4383476674556732
W4402962879,3,0.664736270904541
W4404920262,6,0.7141516804695129
W4408185919,10,0.6102560758590698
W4408446899,40,0.7065036296844482
W4318819594,6,0.6352280974388123
W4397002070,16,0.6730765104293823
W4407666597,6,0.6763820648193359
W4410593844,29,0.2597121298313141
W4413004400,27,0.6863551735877991
W4413118057,38,0.7758142352104187
W4414704940,38,0.653574526309967
W4399691773,6,0.7111324667930603
W4408605524,6,0.6263335943222046
W4385422760,26,0.6061648726463318
W4409898812,20,0.6996518969535828
W4410774379,19,0.7213773131370544
W4414773519,35,0.44527265429496765
W4407717565,15,0.6719449758529663
W4412843188,37,0.509140133857727
W4415373468,35,0.44564089179039
W2015390581,23,0.5761884450912476
W2049769420,23,0.5534315705299377
W2167868957,23,0.6982646584510803
W1972364831,28,0.2999217212200165
W2037241957,10,0.7222802639007568
W2037351555,10,0.5349769592285156
W2593957126,28,0.5474181175231934
W3030321203,3,0.6523196697235107
W3171413831,17,0.7461381554603577
W2103748781,23,0.4833085238933563
W2519522313,1,0.454313188791275
W2116401724,31,0.7500537633895874
W2131291272,0,0.4250105023384094
W2180953235,28,0.5744140148162842
W3175462020,41,0.7390369176864624
W2057397620,23,0.6291725039482117
W2676123895,1,0.6601371765136719
W3038323774,32,0.5713494420051575
W4206307193,17,0.8154997229576111
W2936657119,1,0.6611354351043701
W3135035374,0,0.6758103966712952
W4220909584,3,0.566707968711853
W4224965222,17,0.6563514471054077
W3049420009,13,0.5797156095504761
W4221088381,0,0.6916255950927734
W4281854534,17,0.8180909156799316
W2893392348,24,0.4451242983341217
W3173640918,42,0.7455372214317322
W4281920079,42,0.42963284254074097
W3159682264,3,0.8051044344902039
W4296081994,3,0.4882105886936188
W2975116785,24,0.6507614850997925
W3203242018,2,0.6933415532112122
W4309737898,15,0.640536367893219
W3033526964,31,0.7626574635505676
W2626032508,1,0.6539387106895447
W3194522155,3,0.4523578882217407
W4284885794,17,0.7848492860794067
W4283370032,17,0.7354235649108887
W4285149948,17,0.857587456703186
W4291298303,0,0.657717764377594
W4226471663,2,0.568453848361969
W4287219732,2,0.46762189269065857
W4288050251,45,0.6964898109436035
W4361214286,37,0.14846275746822357
W3034897084,2,0.5702583193778992
W3080524420,3,0.41945788264274597
W3133521134,17,0.7936312556266785
W3162355841,1,0.5566853284835815
W3167511430,34,0.6779965162277222
W3172560453,2,0.7072466611862183
W4294982649,2,0.6567596197128296
W4228997162,3,0.6704815626144409
W4293660415,24,0.641694962978363
W4366607373,3,0.44414928555488586
W4390964192,1,0.4716733694076538
W3083806460,3,0.4285513162612915
W3136985740,8,0.4184245467185974
W3163198494,1,0.5466268658638
W3205232137,3,0.6910484433174133
W3206545182,2,0.7141574621200562
W4293238711,2,0.5154873728752136
W4312032783,46,0.6201445460319519
W4313203982,4,0.43193885684013367
W4378226923,19,0.7774695158004761
W4382323091,8,0.49604982137680054
W4387212021,38,0.7619278430938721
W4313558926,32,0.6031001210212708
W4379382643,2,0.6871037483215332
W3135837502,0,0.6683351397514343
W4281250804,17,0.7527046799659729
W4321597735,15,0.660343587398529
W4376873270,38,0.7459017634391785
W4391354445,40,0.5319454669952393
W3118494691,2,0.6128495335578918
W3194129076,0,0.5323022603988647
W3202399060,45,0.7139602303504944
W4220747986,34,0.6297140717506409
W4226057806,4,0.37689507007598877
W4310339445,31,0.273870050907135
W4321781934,15,0.6497527360916138
W4362541844,6,0.5864279270172119
W4366309491,15,0.49030810594558716
W4388411191,6,0.7246929407119751
W3156106451,3,0.7162377834320068
W4210369429,2,0.5609297156333923
W4313586752,2,0.7910125851631165
W4366090948,8,0.37145477533340454
W3003316963,28,0.5977305769920349
W3107648739,1,0.5522171258926392
W3168655084,8,0.701693058013916
W3202442685,42,0.7169503569602966
W4200495764,0,0.6682455539703369
W4206403931,2,0.6240000128746033
W4281722354,33,0.5192394852638245
W4285199040,1,0.42519742250442505
W4381833251,40,0.23081104457378387
W4387083611,1,0.698819637298584
W4391876512,6,0.7267962098121643
W4394996856,44,0.7073333263397217
W3175834700,2,0.6309729218482971
W3214136215,1,0.5769193768501282
W4220938728,0,0.71592777967453
W4280585400,13,0.7688677906990051
W4303045635,42,0.44127827882766724
W4309782718,15,0.6476236581802368
W4313408409,34,0.662243127822876
W4317434823,12,0.6939354538917542
W4327814100,16,0.6068717837333679
W4366978331,3,0.6569455862045288
W4383814612,42,0.6866242289543152
W4396898790,19,0.4603039026260376
W3133914281,0,0.6618475914001465
W3161051587,33,0.29381638765335083
W3171219399,3,0.6318512558937073
W4220784121,16,0.48797476291656494
W4225812594,33,0.3559250235557556
W4285275020,6,0.6584535837173462
W4362674680,42,0.5305635333061218
W4366976633,14,0.7243229746818542
W4379184192,1,0.5465509295463562
W4390410811,15,0.6048036813735962
W4392746748,12,0.3554226756095886
W3037126109,46,0.35389500856399536
W3159481389,20,0.3907575011253357
W3170368767,1,0.4205473065376282
W3196636059,24,0.4094826579093933
W3207741785,0,0.6222379207611084
W4221090168,42,0.6687284708023071
W4225156173,29,0.7053447961807251
W4280610068,17,0.7710450887680054
W4283785232,30,0.7491021156311035
W4285025417,36,0.5341896414756775
W4286008072,6,0.5668870806694031
W4291001490,0,0.6250411868095398
W4304128614,1,0.6835932731628418
W4365790216,1,0.30084383487701416
W4385489691,15,0.7066848874092102
W4386416432,10,0.5481374263763428
W4388757718,13,0.39386579394340515
W3089172231,25,0.6505671739578247
W3137746435,46,0.6890537738800049
W3195104377,2,0.6954324245452881
W4205912509,26,0.39970526099205017
W4308874308,32,0.6214616298675537
W4309109511,0,0.46069976687431335
W4311951862,0,0.6294554471969604
W4386411789,1,0.4934389889240265
W4388972587,1,0.3748672902584076
W4392188359,15,0.617362916469574
W4399685159,19,0.5484982132911682
W3015771813,31,0.479599267244339
W4290079132,4,0.7647576928138733
W4310653684,35,0.2620001435279846
W4310675866,37,0.504746675491333
W4312201692,32,0.7006804347038269
W4322489023,4,0.4222193956375122
W4362717669,42,0.6040741205215454
W4386279883,38,0.4611564874649048
W4387971596,10,0.4518384337425232
W4390683198,42,0.7092798352241516
W4392003525,1,0.6180954575538635
W2994822816,0,0.5342963337898254
W4281740790,4,0.35057488083839417
W4296128756,14,0.48232394456863403
W4312508319,0,0.5585727095603943
W4315641599,22,0.4560548961162567
W4319791725,1,0.4277653098106384
W4386170078,1,0.44961726665496826
W4386884764,42,0.732743501663208
W4387026621,38,0.6538410782814026
W4388805496,3,0.6763373017311096
W4389485812,26,0.5308681726455688
W4392286337,1,0.5354163646697998
W4394568521,1,0.5294029712677002
W4396694066,38,0.3736222982406616
W4402013946,10,0.5671834945678711
W4406828385,0,0.7267237305641174
W3131552615,9,0.4190594255924225
W4221131148,12,0.35571548342704773
W4280646092,4,0.3113222122192383
W4288036364,35,0.5270395874977112
W4292875940,9,0.6910948157310486
W4293143516,2,0.42989426851272583
W4309765389,8,0.5349776744842529
W4310266380,27,0.675430953502655
W4378448636,6,0.41374239325523376
W4384026714,29,0.7932754158973694
W4387270971,1,0.5830562114715576
W4387326361,6,0.5950857996940613
W4390368114,27,0.5342191457748413
W4393951616,9,0.7559985518455505
W4394982211,1,0.4582836329936981
W4400558697,6,0.46309950947761536
W4401924629,42,0.7923469543457031
W4402131998,42,0.510591447353363
W4403302339,1,0.3029625415802002
W2917075874,28,0.46094778180122375
W3041914111,3,0.7641347646713257
W3167996336,45,0.7024379372596741
W4214599195,6,0.357847660779953
W4220917548,8,0.42560580372810364
W4292092699,22,0.31277844309806824
W4292367284,35,0.4950020909309387
W4377002490,6,0.7110079526901245
W4379114914,27,0.5725059509277344
W4380265524,40,0.3822462260723114
W4386183984,6,0.41163158416748047
W4391889662,39,0.48317769169807434
W4395682965,16,0.6282936334609985
W4400422349,36,0.821601152420044
W4401385427,9,0.6882146000862122
W4402490333,26,0.6717965006828308
W4402796579,6,0.4823867678642273
W4403638785,36,0.6089394688606262
W4406168603,15,0.6548817753791809
W4408232874,0,0.6846452355384827
W4408612729,10,0.5265198349952698
W3159534123,7,0.8818154335021973
W3201357882,11,0.7016271948814392
W3209926259,14,0.5163633227348328
W4200521133,20,0.2993468642234802
W4225614357,17,0.7550081014633179
W4286210329,0,0.6994509100914001
W4298124764,1,0.6757583618164062
W4304958842,0,0.46558263897895813
W4308183904,6,0.6922655701637268
W4317555814,1,0.643047034740448
W4380086388,1,0.6502517461776733
W4380202673,0,0.59909987449646
W4381716148,45,0.38343727588653564
W4391844119,20,0.30207744240760803
W4392049362,9,0.8097245693206787
W4393190121,4,0.43584582209587097
W4394595654,15,0.6501419544219971
W4398617804,15,0.5849631428718567
W4399680508,6,0.6426377296447754
W4402435273,8,0.3996254503726959
W4403936788,16,0.34303101897239685
W4404952803,2,0.49374455213546753
W4404993468,38,0.7078258395195007
W4406730626,9,0.672894299030304
W4212858205,45,0.32198387384414673
W4213129965,4,0.7142176032066345
W4284961454,6,0.21225671470165253
W4308970419,12,0.5410028100013733
W4311711212,7,0.8655514121055603
W4312100761,35,0.4559602439403534
W4312226454,30,0.6696341037750244
W4321184628,1,0.49401426315307617
W4385430763,40,0.5478260517120361
W4386252435,4,0.7390821576118469
W4386292890,19,0.7866824865341187
W4389046658,6,0.5593364834785461
W4390457208,2,0.6686596870422363
W4390702302,7,0.4120911955833435
W4394956844,32,0.6201998591423035
W4401337581,1,0.39821815490722656
W4404649042,12,0.7553241848945618
W4407615544,15,0.7780487537384033
W4407814570,37,0.43741822242736816
W4409211677,12,0.42203089594841003
W4410908416,16,0.6277751326560974
W4295012310,24,0.6497064232826233
W4308342042,44,0.6489161252975464
W4328128687,0,0.5891743898391724
W4377047193,1,0.48629486560821533
W4384108323,1,0.5815236568450928
W4385338636,29,0.7842762470245361
W4387757625,2,0.633594810962677
W4389200921,2,0.2709885537624359
W4391696950,2,0.6655248403549194
W4393316224,30,0.7413689494132996
W4398179436,6,0.49085161089897156
W4400867540,9,0.7256717085838318
W4402689909,20,0.7076182961463928
W4403291008,15,0.5837321281433105
W4405012419,0,0.7316374778747559
W4408050037,36,0.7758980393409729
W4409968481,1,0.48857685923576355
W4410257773,13,0.6632238030433655
W4411163057,38,0.47682538628578186
W2777233750,28,0.6062926650047302
W4283034560,42,0.2779063582420349
W4312205612,32,0.4721965789794922
W4387519102,2,0.27402737736701965
W4388773911,11,0.647245466709137
W4388845380,19,0.6999145746231079
W4389624737,26,0.3906044363975525
W4399072242,3,0.4534469544887543
W4401416164,1,0.6042041778564453
W4402693313,0,0.6749748587608337
W4403342469,10,0.4680030345916748
W4404501226,33,0.6082836389541626
W4404522458,1,0.5909837484359741
W4407446995,26,0.6312597393989563
W4408461194,12,0.685882031917572
W4411493130,38,0.7498040795326233
W4281716388,13,0.6717943549156189
W4283723303,6,0.34008339047431946
W4292688232,1,0.628569483757019
W4389562580,0,0.6499441266059875
W4396870521,15,0.7383978366851807
W4400010516,1,0.4783090651035309
W4403691949,36,0.7454583644866943
W4404210936,0,0.5366942286491394
W4405256347,20,0.44693297147750854
W4405424906,1,0.5649466514587402
W4407677325,26,0.7023215889930725
W4408345172,19,0.7066335082054138
W4411045134,19,0.6702962517738342
W4413400898,36,0.7687190771102905
W4285095564,4,0.730167806148529
W4388208017,10,0.5188091397285461
W4388657471,43,0.8507375121116638
W4392971270,1,0.5942985415458679
W4393200312,11,0.5058673620223999
W4399494815,3,0.5543447732925415
W4399659214,6,0.5218433141708374
W4402992762,10,0.5543358325958252
W4404117162,35,0.5460096001625061
W4404666346,9,0.8153893351554871
W4404883326,24,0.7231705784797668
W4405917245,0,0.6146150231361389
W4406864044,17,0.85003262758255
W4407064793,16,0.6844241619110107
W4407763579,1,0.28545287251472473
W4407779382,33,0.5246338248252869
W4409313923,35,0.6873936057090759
W4409996787,34,0.6363734006881714
W4411037455,1,0.47325044870376587
W4411371012,13,0.45934930443763733
W4412455529,15,0.5074732303619385
W4220805811,0,0.5197242498397827
W4376643991,35,0.5136655569076538
W4377965809,4,0.5025501847267151
W4385718727,1,0.4211578965187073
W4388019680,0,0.5905259251594543
W4390639841,26,0.7031508088111877
W4390678661,2,0.2659805715084076
W4393055469,4,0.3850371837615967
W4393092395,24,0.7026312351226807
W4399057462,29,0.7584709525108337
W4400811689,24,0.6610936522483826
W4400826303,36,0.591498851776123
W4400832621,1,0.6574276685714722
W4401198054,29,0.4229408800601959
W4401270311,6,0.6286953091621399
W4401617823,37,0.4854983687400818
W4402229499,20,0.6819288730621338
W4403539683,11,0.278363972902298
W4405460575,24,0.709079384803772
W4406548207,37,0.46761494874954224
W4408818684,42,0.6754171848297119
W4409554317,1,0.6953753232955933
W4409828992,39,0.19200438261032104
W4409965159,32,0.7033340334892273
W4410014433,3,0.5467208027839661
W4410061006,0,0.7413538694381714
W4410885136,3,0.5332354307174683
W4411498698,24,0.6002610921859741
W4411523722,15,0.660592257976532
W4412081623,16,0.6335261464118958
W4413501956,6,0.7777164578437805
W4413618970,1,0.6451711058616638
W7133939684,1,0.6757834553718567
W3135539754,0,0.6190728545188904
W3135857415,0,0.6125327348709106
W3136506403,16,0.446249395608902
W4309460231,4,0.6323990225791931
W4375846765,15,0.590549647808075
W4384300207,3,0.5247849822044373
W4386865921,28,0.3821117877960205
W4392232552,3,0.594180703163147
W4393947503,2,0.6727973222732544
W4394010597,25,0.5607344508171082
W4398241260,7,0.8538100123405457
W4399180573,27,0.7428146004676819
W4399589926,7,0.8355655670166016
W4400131583,4,0.549199104309082
W4400902588,26,0.5396377444267273
W4403764556,14,0.7331177592277527
W4405231722,26,0.7384522557258606
W4406403584,8,0.4103555977344513
W4407997245,6,0.5516656637191772
W4410536451,16,0.4423774182796478
W4411159297,22,0.5728691220283508
W4411626447,36,0.6027287840843201
W4413770120,27,0.7247974872589111
W4414023921,36,0.7020495533943176
W4415379161,20,0.7359440326690674
W4416088264,20,0.5997138023376465
W7124434172,6,0.5376672148704529
W4385496829,4,0.5843825936317444
W4388544034,29,0.776250422000885
W4398164532,3,0.680340588092804
W4399236931,45,0.4989287257194519
W4400892685,6,0.4365023672580719
W4404826466,6,0.5354917645454407
W4405281261,23,0.5324997901916504
W4406259285,2,0.7187891006469727
W4407130506,16,0.262022465467453
W4407877818,15,0.7645069360733032
W4408938301,9,0.7417275309562683
W4409038887,2,0.21551692485809326
W4410124353,2,0.4677451252937317
W4411213793,1,0.6125028729438782
W4411621627,10,0.6575303673744202
W4412174766,6,0.6283723711967468
W4412488217,31,0.5084291100502014
W4412835397,1,0.536904513835907
W4413401695,11,0.38315892219543457
W4414229364,2,0.542858362197876
W4414279520,33,0.7190691828727722
W4414426377,1,0.46814703941345215
W4414447663,26,0.6804126501083374
W4414494430,15,0.559503972530365
W4415222788,14,0.653820276260376
W4415596303,6,0.7717881202697754
W4415696216,40,0.4131109416484833
W4416462147,6,0.5575287342071533
W7106298988,13,0.5207760334014893
W7124450611,1,0.6329761743545532
W7125821153,1,0.5937978625297546
W7140101445,40,0.6950342059135437
W4400100979,0,0.616811990737915
W4402785464,0,0.684788167476654
W4405989709,37,0.719519853591919
W4406356442,2,0.44167545437812805
W4406804501,3,0.5578720569610596
W4408787427,6,0.30331093072891235
W4409801467,12,0.6783968806266785
W4410320989,1,0.5039684176445007
W4410321139,43,0.8213706612586975
W4411152176,20,0.34165021777153015
W4414011304,30,0.6697463989257812
W4414421852,9,0.6541023254394531
W4415054792,0,0.725210428237915
W4415470074,35,0.4735131561756134
W7117468647,1,0.6769538521766663
W7125773854,9,0.6243953108787537
W7127632491,25,0.5365326404571533
W7154041191,6,0.5322597026824951
W2078432620,23,0.5701810717582703
W2148435571,23,0.6367692947387695
W1575253570,10,0.45929718017578125
W2083703889,23,0.5137998461723328
W2075394754,31,0.753128707408905
W2569951461,28,0.5795534253120422
W3129134850,8,0.3733685612678528
W2995333594,41,0.7423662543296814
W3129122531,23,0.4273824989795685
W3165426036,0,0.6727925539016724
W4223557254,17,0.7953453063964844
W3021181631,3,0.6093447804450989
W3093483399,25,0.6724768877029419
W2998711203,8,0.5248362421989441
W3047660184,0,0.6814938187599182
W3158523201,8,0.5298343300819397
W3185593370,1,0.5968921184539795
W4244980571,27,0.7834314703941345
W3006831780,1,0.3960535228252411
W3120966882,29,0.38996803760528564
W3150355272,0,0.6071717143058777
W3196164652,2,0.6481945514678955
W2883076324,28,0.49862077832221985
W3013846497,2,0.5045761466026306
W3049107245,44,0.7107363343238831
W4225660073,8,0.5277854204177856
W3186760671,0,0.6482834219932556
W3194551497,0,0.5934969782829285
W4224230221,19,0.7934204339981079
W3035678663,13,0.6717943549156189
W3082417377,35,0.5878132581710815
W3112625688,38,0.4902876615524292
W3192945546,0,0.6622579097747803
W3207226598,2,0.30197063088417053
W3207721761,2,0.6646159291267395
W4211191715,30,0.7222075462341309
W4224960906,40,0.5889423489570618
W4248037454,25,0.7408011555671692
W2006698604,2,0.4536101520061493
W2949783845,25,0.5805773735046387
W3013165542,25,0.646502673625946
W3018079424,33,0.4732810854911804
W3128289046,17,0.8035568594932556
W3134816599,0,0.5784825682640076
W3139407296,3,0.626687228679657
W3192495317,30,0.7555371522903442
W3194352617,0,0.6590124368667603
W3212564068,1,0.5472777485847473
W3214362572,2,0.717272162437439
W4281388431,3,0.7316601872444153
W4281913321,34,0.5445008873939514
W4310299078,37,0.4099748134613037
W4379468618,17,0.657892107963562
W4387082937,36,0.7020177245140076
W3106624614,24,0.7259056568145752
W3193714983,0,0.38102203607559204
W3203239892,0,0.7215635180473328
W3206970384,0,0.686441957950592
W4280619835,19,0.8066539168357849
W4285496039,2,0.40674272179603577
W4290097413,14,0.26696276664733887
W4293158513,25,0.37828654050827026
W4296372825,5,0.4643366038799286
W4307991005,31,0.2617902159690857
W4321054250,7,0.6336615681648254
W4353059269,0,0.7104721069335938
W4386489072,6,0.5660321116447449
W3141743962,13,0.5532837510108948
W3209735081,8,0.5301715731620789
W4205915709,11,0.8027747273445129
W4224117736,0,0.6197551488876343
W4294839230,8,0.2934825122356415
W4313415965,0,0.6835066676139832
W4315781818,29,0.3537018299102783
W4362576283,2,0.6887444257736206
W4382885000,17,0.6531575322151184
W4384928263,29,0.7126327157020569
W4386819867,13,0.6982632279396057
W4388465055,1,0.5119192600250244
W3096351903,2,0.6139867901802063
W3100063371,3,0.5957674980163574
W3109935767,25,0.6040554046630859
W3109970070,44,0.6979174017906189
W3125825717,3,0.6006144285202026
W3135025289,0,0.6284580230712891
W3135821578,0,0.745695173740387
W3166941946,0,0.7040174007415771
W3217534349,11,0.5259324312210083
W4288457039,2,0.4139818847179413
W4291123701,37,0.7053186297416687
W4297177519,1,0.5234085321426392
W4319603294,4,0.6604219675064087
W4321488493,2,0.4224052131175995
W4379232316,32,0.7347443103790283
W4384209462,16,0.48872607946395874
W4385636643,3,0.5722696781158447
W4385725590,11,0.7555055618286133
W4399465791,9,0.5799197554588318
W3136349206,7,0.7484706044197083
W3143569447,8,0.4305001497268677
W3155716985,44,0.7607505321502686
W3171691420,25,0.5535556077957153
W4220910670,2,0.6785393357276917
W4225646906,17,0.6958868503570557
W4308998671,44,0.5187669396400452
W4311184438,1,0.6806153059005737
W4311364086,2,0.7021439671516418
W4322624037,2,0.6460689902305603
W4380738569,12,0.610100269317627
W4385356574,24,0.4942142367362976
W4390830216,1,0.5101243853569031
W4397009807,0,0.6150665879249573
W3131228323,0,0.7704073786735535
W3136397549,7,0.8829233646392822
W3200176280,46,0.6689490675926208
W3205272172,4,0.5683622360229492
W4225117901,7,0.37110239267349243
W4283579577,0,0.5825549364089966
W4283772388,27,0.5989739298820496
W4295135458,11,0.726513683795929
W4310396776,17,0.7969403266906738
W4312874203,46,0.6431251168251038
W4317513554,0,0.7080215215682983
W4367322283,31,0.2520565092563629
W4381281662,6,0.4621760845184326
W4387035570,30,0.7315675020217896
W4387310482,44,0.5414820313453674
W4388138311,30,0.7149928212165833
W4400783551,2,0.589155912399292
W4403576550,0,0.6395722031593323
W3196864658,22,0.3658503592014313
W3199214587,7,0.3311416506767273
W4214942873,28,0.5399413108825684
W4281867261,22,0.26333358883857727
W4286203355,46,0.7478877902030945
W4307544369,0,0.6896235942840576
W4309613826,12,0.44353073835372925
W4311970573,15,0.3435811698436737
W4312690352,4,0.5828156471252441
W4322506502,5,0.7684308290481567
W4364375921,14,0.5962824821472168
W4377862238,29,0.6557384133338928
W4385580607,30,0.5424560308456421
W4386374716,15,0.5585483908653259
W4388635132,3,0.6001311540603638
W4389310208,10,0.6583669185638428
W4392346702,11,0.7313115000724792
W4392591182,0,0.6425889730453491
W4393322250,37,0.705956757068634
W3004140216,3,0.5203655958175659
W3182154770,21,0.41728079319000244
W4229439478,27,0.7688782811164856
W4284705287,3,0.5874530076980591
W4291002892,19,0.6096735596656799
W4295260622,25,0.6498204469680786
W4296210247,42,0.7474016547203064
W4318067337,25,0.77754145860672
W4320709155,1,0.3684249520301819
W4362723292,13,0.6194257736206055
W4364320790,37,0.680174708366394
W4365138459,14,0.26696276664733887
W4383111694,43,0.8440116047859192
W4385948362,14,0.6613612174987793
W4386246276,8,0.4413019120693207
W4386601257,1,0.5520056486129761
W4387116987,6,0.4876333475112915
W4388463364,0,0.6370350122451782
W4390683333,1,0.5765565633773804
W4403114063,6,0.5494222640991211
W4405417000,1,0.5446272492408752
W4406143081,9,0.7596349120140076
W4406828764,0,0.6399127244949341
W4408278081,9,0.7380635142326355
W2754689785,10,0.34717798233032227
W3003586115,16,0.1824551820755005
W3096149152,2,0.7176766395568848
W3104312140,0,0.4236321449279785
W3172167377,42,0.4385332763195038
W3177014373,19,0.7993745803833008
W3200577445,7,0.3326713442802429
W4226149286,17,0.7295558452606201
W4283330135,45,0.5944432020187378
W4288518463,28,0.2971239387989044
W4290998809,17,0.7122512459754944
W4296061001,6,0.5762478709220886
W4296629887,10,0.5260430574417114
W4304693807,24,0.6750460863113403
W4322746639,39,0.39931192994117737
W4361275219,42,0.5536960959434509
W4362684874,0,0.7430887818336487
W4377861812,11,0.6990987658500671
W4378904270,34,0.4817434549331665
W4379058433,15,0.43032220005989075
W4385588222,8,0.5299403667449951
W4385661509,46,0.6812122464179993
W4385705265,27,0.7276020646095276
W4386031782,19,0.794160783290863
W4386034709,1,0.6719324588775635
W4388739730,6,0.7116647362709045
W4389629918,30,0.8024595379829407
W4389674456,4,0.6531150937080383
W4394784089,7,0.3318991959095001
W4396617921,15,0.7726529836654663
W4399485661,14,0.5276544690132141
W4400350350,12,0.5943427085876465
W4401525995,9,0.7311877608299255
W4401642591,24,0.7081384658813477
W4401708579,0,0.6567871570587158
W4401798741,1,0.5882213115692139
W4403144078,44,0.6497684717178345
W4406854999,10,0.48945870995521545
W4407638824,2,0.6557167172431946
W4408160180,34,0.6859100461006165
W4409409360,13,0.5434345006942749
W4410274316,36,0.3767486810684204
W3169005697,1,0.521072506904602
W3173975414,15,0.5204964876174927
W4239180355,1,0.40465131402015686
W4253353920,0,0.6472870111465454
W4281553590,4,0.715093731880188
W4282920256,29,0.5118847489356995
W4291148458,10,0.6520442366600037
W4293439820,43,0.801376223564148
W4296210434,37,0.38076505064964294
W4303444857,1,0.5638362169265747
W4311176866,11,0.6300491094589233
W4362596742,0,0.4655679762363434
W4376613100,14,0.503745436668396
W4385219854,19,0.6558385491371155
W4387788657,37,0.6515771150588989
W4388051817,39,0.3419564664363861
W4390341038,1,0.591873049736023
W4391342217,6,0.27695560455322266
W4391777722,9,0.6248501539230347
W4394744640,29,0.7690111994743347
W4394804920,17,0.6886470317840576
W4394989468,27,0.43403735756874084
W4395464345,1,0.5668169856071472
W4398243746,6,0.5237424969673157
W4399210653,0,0.5807974934577942
W4401433803,9,0.7874324321746826
W4401742244,1,0.5159670114517212
W4402307212,15,0.4126724302768707
W4402723512,6,0.5999558568000793
W4402988558,0,0.3464912176132202
W4403344039,15,0.7388814091682434
W4403488549,42,0.6488502621650696
W4403843479,9,0.7345396280288696
W4404245825,1,0.6192357540130615
W4405932039,6,0.6773396730422974
W4406047420,16,0.36974626779556274
W4407918048,40,0.5673826336860657
W4410304808,4,0.7630615830421448
W4412356220,6,0.49849733710289
W3135986232,7,0.6464263796806335
W3165013452,45,0.5394424200057983
W3210289654,1,0.6711726784706116
W4226253103,25,0.7495009899139404
W4226292747,17,0.749366044998169
W4283773892,13,0.5900665521621704
W4283790096,33,0.4677373170852661
W4293582204,46,0.25534874200820923
W4313592827,39,0.44955697655677795
W4376454465,38,0.2992321848869324
W4385282694,0,0.7352470755577087
W4386123363,24,0.6793755292892456
W4388574092,21,0.775704026222229
W4391506647,2,0.733492910861969
W4391608160,4,0.7422296404838562
W4393089136,25,0.5133818984031677
W4394767200,11,0.42276304960250854
W4396585527,31,0.6863738894462585
W4401207717,46,0.7255109548568726
W4402136902,7,0.4852464497089386
W4402414367,1,0.5276161432266235
W4402687087,19,0.4936760365962982
W4403137041,1,0.6143590211868286
W4403714892,11,0.6241365075111389
W4407065569,24,0.5454198718070984
W4407130611,16,0.48971283435821533
W4407170082,14,0.6348099112510681
W4408169239,9,0.6550475358963013
W4408621636,8,0.43452778458595276
W4409109198,16,0.6208527684211731
W4410502105,25,0.655669093132019
W4410630703,17,0.7485934495925903
W4411096246,37,0.6224848628044128
W4411506904,0,0.7232091426849365
W4412631044,1,0.3677281141281128
W3090257619,40,0.5613892674446106
W3136535389,8,0.27311620116233826
W3200750355,29,0.44622236490249634
W3200882281,5,0.6595674157142639
W4283721719,37,0.4672849476337433
W4285733410,5,0.6178763508796692
W4292373758,22,0.6630898118019104
W4296757415,0,0.5793306827545166
W4313907308,37,0.3955656886100769
W4321609955,21,0.3642592132091522
W4321782111,10,0.6155838370323181
W4379207090,0,0.7044124603271484
W4385556859,1,0.617224395275116
W4386853765,37,0.459520161151886
W4386854305,12,0.5306252837181091
W4387258982,42,0.4826865792274475
W4387877661,3,0.5680731534957886
W4388658227,33,0.6227615475654602
W4393941056,1,0.5339761972427368
W4396750923,44,0.6892468929290771
W4396989760,3,0.6027861833572388
W4397008973,22,0.42509961128234863
W4399212597,11,0.5496609807014465
W4399348657,35,0.39757704734802246
W4399493353,37,0.5402779579162598
W4399593830,35,0.49752166867256165
W4400130597,10,0.656539261341095
W4401007185,3,0.6536083221435547
W4401020933,5,0.5831030607223511
W4401993107,0,0.749530553817749
W4402341077,37,0.6764377951622009
W4402461726,0,0.605265736579895
W4404595456,37,0.4013672173023224
W4405312399,3,0.6297727823257446
W4405869633,32,0.5135092735290527
W4406056168,27,0.7190171480178833
W4406609946,9,0.6726868748664856
W4406828371,0,0.6529327034950256
W4407223794,6,0.6567906737327576
W4408117529,32,0.6319268941879272
W4409983690,6,0.3071364462375641
W4410855018,0,0.45808130502700806
W4410916652,0,0.635381281375885
W4411711385,15,0.6292313933372498
W4415696730,25,0.47670137882232666
W7118452653,14,0.5044489502906799
W7125619734,1,0.5956008434295654
W7137090518,16,0.49145978689193726
W3200524819,40,0.6212916970252991
W3201335432,5,0.7990444898605347
W3212113658,5,0.7356847524642944
W3213241775,7,0.7788868546485901
W3213466285,5,0.737636923789978
W3214406573,7,0.5727661848068237
W4295941572,2,0.5323545932769775
W4311137246,22,0.8860154151916504
W4383484815,11,0.7457726001739502
W4385891544,4,0.35500162839889526
W4386365428,3,0.6187032461166382
W4390883126,4,0.5794925093650818
W4392734781,0,0.4374014735221863
W4394747446,6,0.3566569685935974
W4399007353,9,0.653258204460144
W4399665885,3,0.6911120414733887
W4400253720,4,0.6603481769561768
W4401257954,3,0.6375942230224609
W4401665864,26,0.6026225090026855
W4402448177,0,0.7267418503761292
W4402994292,16,0.4894719123840332
W4404299054,0,0.4313032031059265
W4406031591,0,0.6404010057449341
W4406602578,16,0.5934823155403137
W4406739004,28,0.6552714109420776
W4407742590,40,0.3398672044277191
W4408599233,0,0.5254306197166443
W4408797605,10,0.5781219005584717
W4409011317,13,0.6463687419891357
W4409117302,17,0.7292413711547852
W4409178946,9,0.6634563207626343
W4410228494,2,0.26587969064712524
W4410369190,9,0.7050760984420776
W4411025224,6,0.34061235189437866
W4411310108,35,0.5916695594787598
W4411492197,9,0.7084823846817017
W4412422965,34,0.669548749923706
W4412726646,38,0.5010905861854553
W4412866347,1,0.6673082709312439
W4412995744,20,0.38901159167289734
